#
# There is insufficient memory for the Java Runtime Environment to continue.
# Native memory allocation (malloc) failed to allocate 700320 bytes for Chunk::new
# Possible reasons:
#   The system is out of physical RAM or swap space
#   The process is running with CompressedOops enabled, and the Java Heap may be blocking the growth of the native heap
# Possible solutions:
#   Reduce memory load on the system
#   Increase physical memory or swap space
#   Check if swap backing store is full
#   Decrease Java heap size (-Xmx/-Xms)
#   Decrease number of Java threads
#   Decrease Java thread stack sizes (-Xss)
#   Set larger code cache with -XX:ReservedCodeCacheSize=
#   JVM is running with Unscaled Compressed Oops mode in which the Java heap is
#     placed in the first 4GB address space. The Java Heap base address is the
#     maximum limit for the native heap growth. Please use -XX:HeapBaseMinAddress
#     to set the Java Heap base and to place the Java Heap above 4GB virtual address.
# This output file may be truncated or incomplete.
#
#  Out of Memory Error (arena.cpp:189), pid=23416, tid=12360
#
# JRE version: Java(TM) SE Runtime Environment (17.0.12+8) (build 17.0.12+8-LTS-286)
# Java VM: Java HotSpot(TM) 64-Bit Server VM (17.0.12+8-LTS-286, mixed mode, sharing, tiered, compressed oops, compressed class ptrs, g1 gc, windows-amd64)
# No core dump will be written. Minidumps are not enabled by default on client versions of Windows
#

---------------  S U M M A R Y ------------

Command Line: --add-opens=java.base/java.util=ALL-UNNAMED --add-opens=java.base/java.lang=ALL-UNNAMED --add-opens=java.base/java.lang.invoke=ALL-UNNAMED --add-opens=java.base/java.util=ALL-UNNAMED --add-opens=java.prefs/java.util.prefs=ALL-UNNAMED --add-opens=java.prefs/java.util.prefs=ALL-UNNAMED --add-opens=java.base/java.nio.charset=ALL-UNNAMED --add-opens=java.base/java.net=ALL-UNNAMED --add-opens=java.base/java.util.concurrent.atomic=ALL-UNNAMED -Xmx2048M -Dfile.encoding=windows-1252 -Duser.country=IN -Duser.language=en -Duser.variant org.gradle.launcher.daemon.bootstrap.GradleDaemon 7.5

Host: 11th Gen Intel(R) Core(TM) i3-1115G4 @ 3.00GHz, 4 cores, 11G,  Windows 11 , 64 bit Build 26100 (10.0.26100.7019)
Time: Tue Dec  9 10:07:13 2025 India Standard Time elapsed time: 17.243266 seconds (0d 0h 0m 17s)

---------------  T H R E A D  ---------------

Current thread (0x000001ef9e483100):  JavaThread "C2 CompilerThread1" daemon [_thread_in_native, id=12360, stack(0x000000da76500000,0x000000da76600000)]


Current CompileTask:
C2:  17243 13322   !   4       com.google.common.cache.LocalCache$Segment::lockedGetOrLoad (447 bytes)

Stack: [0x000000da76500000,0x000000da76600000]
Native frames: (J=compiled Java code, j=interpreted, Vv=VM code, C=native code)
V  [jvm.dll+0x67a04a]
V  [jvm.dll+0x7da4ed]
V  [jvm.dll+0x7dbe33]
V  [jvm.dll+0x7dc4a3]
V  [jvm.dll+0x24508f]
V  [jvm.dll+0xab773]
V  [jvm.dll+0xabd3c]
V  [jvm.dll+0x361bee]
V  [jvm.dll+0x32c431]
V  [jvm.dll+0x32b8ca]
V  [jvm.dll+0x21683f]
V  [jvm.dll+0x215c6f]
V  [jvm.dll+0x1a2960]
V  [jvm.dll+0x22610b]
V  [jvm.dll+0x2242ab]
V  [jvm.dll+0x79075c]
V  [jvm.dll+0x78abea]
V  [jvm.dll+0x678f35]
C  [ucrtbase.dll+0x37b0]
C  [KERNEL32.DLL+0x2e8d7]
C  [ntdll.dll+0x8c53c]


---------------  P R O C E S S  ---------------

Threads class SMR info:
_java_thread_list=0x000001efa4413ca0, length=91, elements={
0x000001ef3a6d39c0, 0x000001ef58056ea0, 0x000001ef58057970, 0x000001ef5806a410,
0x000001ef5806ccf0, 0x000001ef5806e130, 0x000001ef5806fd10, 0x000001ef5809e400,
0x000001ef580b0df0, 0x000001ef580bdf40, 0x000001ef580bc0e0, 0x000001ef580bd520,
0x000001ef9e483100, 0x000001ef580bda30, 0x000001ef580bb1b0, 0x000001ef580bb6c0,
0x000001ef580bc5f0, 0x000001ef580ba790, 0x000001ef580bd010, 0x000001ef580bcb00,
0x000001ef580baca0, 0x000001ef580bbbd0, 0x000001ef9f17ae20, 0x000001ef9f17dbb0,
0x000001ef9f17c770, 0x000001ef9f17e0c0, 0x000001ef9f17c260, 0x000001ef9f17cc80,
0x000001ef9f17b840, 0x000001ef9f17d190, 0x000001ef9f17b330, 0x000001ef9f17a910,
0x000001ef9f17eff0, 0x000001ef9f17e5d0, 0x000001ef9f17d6a0, 0x000001ef9f17f500,
0x000001ef9f17bd50, 0x000001ef9f180940, 0x000001ef9f17ff20, 0x000001ef9f181870,
0x000001ef9f181d80, 0x000001ef9f180430, 0x000001ef9f17fa10, 0x000001ef9f180e50,
0x000001ef9f181360, 0x000001efa2270f90, 0x000001efa2270570, 0x000001efa22728e0,
0x000001efa2271ec0, 0x000001efa2272df0, 0x000001efa2273300, 0x000001efa2273810,
0x000001efa22723d0, 0x000001efa2270060, 0x000001efa2273d20, 0x000001efa2274230,
0x000001efa22719b0, 0x000001efa2270a80, 0x000001efa2274740, 0x000001efa2274c50,
0x000001efa22714a0, 0x000001efa2275160, 0x000001efa2275670, 0x000001efa2275b80,
0x000001efa2276090, 0x000001efa22765a0, 0x000001efa22774d0, 0x000001efa2276ab0,
0x000001efa2276fc0, 0x000001efa22779e0, 0x000001ef9fdf7360, 0x000001ef9fdf8290,
0x000001ef9fdf7d80, 0x000001ef9fdf6e50, 0x000001ef9fdf7870, 0x000001ef9fdf5f20,
0x000001ef9fdf5a10, 0x000001ef9fdf6430, 0x000001ef9fdf87a0, 0x000001ef9fdf4ff0,
0x000001ef9fdf8cb0, 0x000001ef9fdf6940, 0x000001ef9fdfa600, 0x000001ef9fdfba40,
0x000001ef9f70bec0, 0x000001ef9f70a060, 0x000001ef9f70af90, 0x000001ef9f70c8e0,
0x000001ef9f70b9b0, 0x000001ef9f70d300, 0x000001ef9f70a570
}

Java Threads: ( => current thread )
  0x000001ef3a6d39c0 JavaThread "main" [_thread_blocked, id=11456, stack(0x000000da75200000,0x000000da75300000)]
  0x000001ef58056ea0 JavaThread "Reference Handler" daemon [_thread_blocked, id=14600, stack(0x000000da75900000,0x000000da75a00000)]
  0x000001ef58057970 JavaThread "Finalizer" daemon [_thread_blocked, id=4628, stack(0x000000da75a00000,0x000000da75b00000)]
  0x000001ef5806a410 JavaThread "Signal Dispatcher" daemon [_thread_blocked, id=25208, stack(0x000000da75b00000,0x000000da75c00000)]
  0x000001ef5806ccf0 JavaThread "Attach Listener" daemon [_thread_blocked, id=24056, stack(0x000000da75c00000,0x000000da75d00000)]
  0x000001ef5806e130 JavaThread "Service Thread" daemon [_thread_blocked, id=9832, stack(0x000000da75d00000,0x000000da75e00000)]
  0x000001ef5806fd10 JavaThread "Monitor Deflation Thread" daemon [_thread_blocked, id=23940, stack(0x000000da75e00000,0x000000da75f00000)]
  0x000001ef5809e400 JavaThread "C2 CompilerThread0" daemon [_thread_in_native, id=16288, stack(0x000000da75f00000,0x000000da76000000)]
  0x000001ef580b0df0 JavaThread "C1 CompilerThread0" daemon [_thread_blocked, id=27888, stack(0x000000da76000000,0x000000da76100000)]
  0x000001ef580bdf40 JavaThread "Sweeper thread" daemon [_thread_blocked, id=27668, stack(0x000000da76100000,0x000000da76200000)]
  0x000001ef580bc0e0 JavaThread "Common-Cleaner" daemon [_thread_blocked, id=9796, stack(0x000000da76200000,0x000000da76300000)]
  0x000001ef580bd520 JavaThread "Notification Thread" daemon [_thread_blocked, id=25520, stack(0x000000da76300000,0x000000da76400000)]
=>0x000001ef9e483100 JavaThread "C2 CompilerThread1" daemon [_thread_in_native, id=12360, stack(0x000000da76500000,0x000000da76600000)]
  0x000001ef580bda30 JavaThread "Daemon health stats" [_thread_blocked, id=15428, stack(0x000000da76900000,0x000000da76a00000)]
  0x000001ef580bb1b0 JavaThread "Incoming local TCP Connector on port 61274" [_thread_in_native, id=11376, stack(0x000000da76a00000,0x000000da76b00000)]
  0x000001ef580bb6c0 JavaThread "Daemon periodic checks" [_thread_blocked, id=24460, stack(0x000000da76b00000,0x000000da76c00000)]
  0x000001ef580bc5f0 JavaThread "Daemon" [_thread_blocked, id=24512, stack(0x000000da76c00000,0x000000da76d00000)]
  0x000001ef580ba790 JavaThread "Handler for socket connection from /127.0.0.1:61274 to /127.0.0.1:54712" [_thread_in_native, id=21336, stack(0x000000da76d00000,0x000000da76e00000)]
  0x000001ef580bd010 JavaThread "Cancel handler" [_thread_blocked, id=25548, stack(0x000000da76e00000,0x000000da76f00000)]
  0x000001ef580bcb00 JavaThread "Daemon worker" [_thread_blocked, id=26928, stack(0x000000da76f00000,0x000000da77000000)]
  0x000001ef580baca0 JavaThread "Asynchronous log dispatcher for DefaultDaemonConnection: socket connection from /127.0.0.1:61274 to /127.0.0.1:54712" [_thread_blocked, id=26244, stack(0x000000da77000000,0x000000da77100000)]
  0x000001ef580bbbd0 JavaThread "Stdin handler" [_thread_blocked, id=28304, stack(0x000000da77100000,0x000000da77200000)]
  0x000001ef9f17ae20 JavaThread "Daemon client event forwarder" [_thread_blocked, id=26036, stack(0x000000da77200000,0x000000da77300000)]
  0x000001ef9f17dbb0 JavaThread "Cache worker for journal cache (C:\Users\User PC\.gradle\caches\journal-1)" [_thread_blocked, id=5456, stack(0x000000da77300000,0x000000da77400000)]
  0x000001ef9f17c770 JavaThread "File lock request listener" [_thread_in_native, id=24720, stack(0x000000da77400000,0x000000da77500000)]
  0x000001ef9f17e0c0 JavaThread "Cache worker for file hash cache (C:\Users\User PC\.gradle\caches\7.5\fileHashes)" [_thread_blocked, id=27048, stack(0x000000da77500000,0x000000da77600000)]
  0x000001ef9f17c260 JavaThread "File watcher server" daemon [_thread_in_native, id=28264, stack(0x000000da77600000,0x000000da77700000)]
  0x000001ef9f17cc80 JavaThread "File watcher consumer" daemon [_thread_blocked, id=5492, stack(0x000000da77700000,0x000000da77800000)]
  0x000001ef9f17b840 JavaThread "Cache worker for checksums cache (D:\NOV13\SNR\Androidcode\smart\Telegram android app\.gradle\7.5\checksums)" [_thread_blocked, id=23524, stack(0x000000da77800000,0x000000da77900000)]
  0x000001ef9f17d190 JavaThread "Cache worker for cache directory md-rule (C:\Users\User PC\.gradle\caches\7.5\md-rule)" [_thread_blocked, id=15308, stack(0x000000da77900000,0x000000da77a00000)]
  0x000001ef9f17b330 JavaThread "Cache worker for file content cache (C:\Users\User PC\.gradle\caches\7.5\fileContent)" [_thread_blocked, id=28080, stack(0x000000da77a00000,0x000000da77b00000)]
  0x000001ef9f17a910 JavaThread "Cache worker for file hash cache (D:\NOV13\SNR\Androidcode\smart\Telegram android app\.gradle\7.5\fileHashes)" [_thread_blocked, id=24956, stack(0x000000da77b00000,0x000000da77c00000)]
  0x000001ef9f17eff0 JavaThread "Cache worker for cache directory md-supplier (C:\Users\User PC\.gradle\caches\7.5\md-supplier)" [_thread_blocked, id=4168, stack(0x000000da77c00000,0x000000da77d00000)]
  0x000001ef9f17e5d0 JavaThread "Cache worker for execution history cache (C:\Users\User PC\.gradle\caches\7.5\executionHistory)" [_thread_blocked, id=7488, stack(0x000000da77d00000,0x000000da77e00000)]
  0x000001ef9f17d6a0 JavaThread "jar transforms" [_thread_blocked, id=1584, stack(0x000000da77e00000,0x000000da77f00000)]
  0x000001ef9f17f500 JavaThread "jar transforms Thread 2" [_thread_blocked, id=27824, stack(0x000000da77f00000,0x000000da78000000)]
  0x000001ef9f17bd50 JavaThread "Cache worker for dependencies-accessors (D:\NOV13\SNR\Androidcode\smart\Telegram android app\.gradle\7.5\dependencies-accessors)" [_thread_blocked, id=27024, stack(0x000000da78000000,0x000000da78100000)]
  0x000001ef9f180940 JavaThread "jar transforms Thread 3" [_thread_blocked, id=17348, stack(0x000000da78100000,0x000000da78200000)]
  0x000001ef9f17ff20 JavaThread "Cache worker for Build Output Cleanup Cache (D:\NOV13\SNR\Androidcode\smart\Telegram android app\.gradle\buildOutputCleanup)" [_thread_blocked, id=4620, stack(0x000000da78200000,0x000000da78300000)]
  0x000001ef9f181870 JavaThread "Unconstrained build operations" [_thread_blocked, id=19040, stack(0x000000da78300000,0x000000da78400000)]
  0x000001ef9f181d80 JavaThread "Unconstrained build operations Thread 2" [_thread_blocked, id=3780, stack(0x000000da78400000,0x000000da78500000)]
  0x000001ef9f180430 JavaThread "Unconstrained build operations Thread 3" [_thread_blocked, id=25444, stack(0x000000da78500000,0x000000da78600000)]
  0x000001ef9f17fa10 JavaThread "Unconstrained build operations Thread 4" [_thread_blocked, id=17604, stack(0x000000da78600000,0x000000da78700000)]
  0x000001ef9f180e50 JavaThread "Unconstrained build operations Thread 5" [_thread_blocked, id=24544, stack(0x000000da78700000,0x000000da78800000)]
  0x000001ef9f181360 JavaThread "Unconstrained build operations Thread 6" [_thread_blocked, id=20632, stack(0x000000da78800000,0x000000da78900000)]
  0x000001efa2270f90 JavaThread "Unconstrained build operations Thread 7" [_thread_blocked, id=10300, stack(0x000000da78900000,0x000000da78a00000)]
  0x000001efa2270570 JavaThread "Unconstrained build operations Thread 8" [_thread_blocked, id=23768, stack(0x000000da78a00000,0x000000da78b00000)]
  0x000001efa22728e0 JavaThread "Unconstrained build operations Thread 9" [_thread_blocked, id=26844, stack(0x000000da78b00000,0x000000da78c00000)]
  0x000001efa2271ec0 JavaThread "Unconstrained build operations Thread 10" [_thread_blocked, id=28012, stack(0x000000da78c00000,0x000000da78d00000)]
  0x000001efa2272df0 JavaThread "Unconstrained build operations Thread 11" [_thread_blocked, id=16348, stack(0x000000da78d00000,0x000000da78e00000)]
  0x000001efa2273300 JavaThread "Unconstrained build operations Thread 12" [_thread_blocked, id=26128, stack(0x000000da78e00000,0x000000da78f00000)]
  0x000001efa2273810 JavaThread "Unconstrained build operations Thread 13" [_thread_blocked, id=24968, stack(0x000000da78f00000,0x000000da79000000)]
  0x000001efa22723d0 JavaThread "Unconstrained build operations Thread 14" [_thread_blocked, id=17360, stack(0x000000da79000000,0x000000da79100000)]
  0x000001efa2270060 JavaThread "Unconstrained build operations Thread 15" [_thread_blocked, id=25676, stack(0x000000da79100000,0x000000da79200000)]
  0x000001efa2273d20 JavaThread "Unconstrained build operations Thread 16" [_thread_blocked, id=27744, stack(0x000000da79200000,0x000000da79300000)]
  0x000001efa2274230 JavaThread "Unconstrained build operations Thread 17" [_thread_blocked, id=8136, stack(0x000000da79300000,0x000000da79400000)]
  0x000001efa22719b0 JavaThread "Unconstrained build operations Thread 18" [_thread_blocked, id=26572, stack(0x000000da79400000,0x000000da79500000)]
  0x000001efa2270a80 JavaThread "Unconstrained build operations Thread 19" [_thread_blocked, id=25716, stack(0x000000da79500000,0x000000da79600000)]
  0x000001efa2274740 JavaThread "Unconstrained build operations Thread 20" [_thread_blocked, id=14628, stack(0x000000da79600000,0x000000da79700000)]
  0x000001efa2274c50 JavaThread "Unconstrained build operations Thread 21" [_thread_blocked, id=26620, stack(0x000000da79700000,0x000000da79800000)]
  0x000001efa22714a0 JavaThread "Unconstrained build operations Thread 22" [_thread_blocked, id=22276, stack(0x000000da79800000,0x000000da79900000)]
  0x000001efa2275160 JavaThread "Unconstrained build operations Thread 23" [_thread_blocked, id=27008, stack(0x000000da79900000,0x000000da79a00000)]
  0x000001efa2275670 JavaThread "Unconstrained build operations Thread 24" [_thread_blocked, id=7160, stack(0x000000da79a00000,0x000000da79b00000)]
  0x000001efa2275b80 JavaThread "Unconstrained build operations Thread 25" [_thread_blocked, id=27076, stack(0x000000da79b00000,0x000000da79c00000)]
  0x000001efa2276090 JavaThread "Unconstrained build operations Thread 26" [_thread_blocked, id=25532, stack(0x000000da79c00000,0x000000da79d00000)]
  0x000001efa22765a0 JavaThread "Unconstrained build operations Thread 27" [_thread_blocked, id=27416, stack(0x000000da79d00000,0x000000da79e00000)]
  0x000001efa22774d0 JavaThread "Unconstrained build operations Thread 28" [_thread_blocked, id=26164, stack(0x000000da79e00000,0x000000da79f00000)]
  0x000001efa2276ab0 JavaThread "Unconstrained build operations Thread 29" [_thread_blocked, id=27064, stack(0x000000da79f00000,0x000000da7a000000)]
  0x000001efa2276fc0 JavaThread "Unconstrained build operations Thread 30" [_thread_blocked, id=25396, stack(0x000000da7a000000,0x000000da7a100000)]
  0x000001efa22779e0 JavaThread "Unconstrained build operations Thread 31" [_thread_blocked, id=24660, stack(0x000000da7a100000,0x000000da7a200000)]
  0x000001ef9fdf7360 JavaThread "Unconstrained build operations Thread 32" [_thread_blocked, id=26804, stack(0x000000da7a200000,0x000000da7a300000)]
  0x000001ef9fdf8290 JavaThread "Unconstrained build operations Thread 33" [_thread_blocked, id=28360, stack(0x000000da7a300000,0x000000da7a400000)]
  0x000001ef9fdf7d80 JavaThread "Unconstrained build operations Thread 34" [_thread_blocked, id=16660, stack(0x000000da7a400000,0x000000da7a500000)]
  0x000001ef9fdf6e50 JavaThread "Unconstrained build operations Thread 35" [_thread_blocked, id=19232, stack(0x000000da7a500000,0x000000da7a600000)]
  0x000001ef9fdf7870 JavaThread "Unconstrained build operations Thread 36" [_thread_blocked, id=26232, stack(0x000000da7a600000,0x000000da7a700000)]
  0x000001ef9fdf5f20 JavaThread "Unconstrained build operations Thread 37" [_thread_blocked, id=22024, stack(0x000000da7a700000,0x000000da7a800000)]
  0x000001ef9fdf5a10 JavaThread "Unconstrained build operations Thread 38" [_thread_blocked, id=27752, stack(0x000000da7a800000,0x000000da7a900000)]
  0x000001ef9fdf6430 JavaThread "Unconstrained build operations Thread 39" [_thread_blocked, id=18768, stack(0x000000da7a900000,0x000000da7aa00000)]
  0x000001ef9fdf87a0 JavaThread "Unconstrained build operations Thread 40" [_thread_blocked, id=19992, stack(0x000000da7aa00000,0x000000da7ab00000)]
  0x000001ef9fdf4ff0 JavaThread "jar transforms Thread 4" [_thread_blocked, id=27384, stack(0x000000da7ab00000,0x000000da7ac00000)]
  0x000001ef9fdf8cb0 JavaThread "Memory manager" [_thread_blocked, id=27180, stack(0x000000da7ac00000,0x000000da7ad00000)]
  0x000001ef9fdf6940 JavaThread "Exec process" [_thread_blocked, id=10440, stack(0x000000da7ad00000,0x000000da7ae00000)]
  0x000001ef9fdfa600 JavaThread "Exec process Thread 2" [_thread_blocked, id=19188, stack(0x000000da7ae00000,0x000000da7af00000)]
  0x000001ef9fdfba40 JavaThread "Exec process Thread 3" [_thread_blocked, id=25348, stack(0x000000da7af00000,0x000000da7b000000)]
  0x000001ef9f70bec0 JavaThread "included builds" [_thread_blocked, id=28396, stack(0x000000da7b000000,0x000000da7b100000)]
  0x000001ef9f70a060 JavaThread "Execution worker" [_thread_blocked, id=28200, stack(0x000000da7b100000,0x000000da7b200000)]
  0x000001ef9f70af90 JavaThread "Execution worker Thread 2" [_thread_blocked, id=16180, stack(0x000000da7b200000,0x000000da7b300000)]
  0x000001ef9f70c8e0 JavaThread "Execution worker Thread 3" [_thread_blocked, id=21172, stack(0x000000da7b300000,0x000000da7b400000)]
  0x000001ef9f70b9b0 JavaThread "Cache worker for execution history cache (D:\NOV13\SNR\Androidcode\smart\Telegram android app\.gradle\7.5\executionHistory)" [_thread_blocked, id=27240, stack(0x000000da7b400000,0x000000da7b500000)]
  0x000001ef9f70d300 JavaThread "WorkerExecutor Queue" [_thread_blocked, id=18584, stack(0x000000da7b500000,0x000000da7b600000)]
  0x000001ef9f70a570 JavaThread "Thread-74" [_thread_in_native, id=27924, stack(0x000000da7b600000,0x000000da7b700000)]

Other Threads:
  0x000001ef58050530 VMThread "VM Thread" [stack: 0x000000da75800000,0x000000da75900000] [id=22748]
  0x000001ef3a74bcc0 WatcherThread [stack: 0x000000da76400000,0x000000da76500000] [id=18864]
  0x000001ef3a72dfe0 GCTaskThread "GC Thread#0" [stack: 0x000000da75300000,0x000000da75400000] [id=22308]
  0x000001ef585c7d00 GCTaskThread "GC Thread#1" [stack: 0x000000da76600000,0x000000da76700000] [id=4492]
  0x000001ef588232f0 GCTaskThread "GC Thread#2" [stack: 0x000000da76700000,0x000000da76800000] [id=25436]
  0x000001ef589c0e30 GCTaskThread "GC Thread#3" [stack: 0x000000da76800000,0x000000da76900000] [id=27796]
  0x000001ef3a73fb10 ConcurrentGCThread "G1 Main Marker" [stack: 0x000000da75400000,0x000000da75500000] [id=25120]
  0x000001ef3a740430 ConcurrentGCThread "G1 Conc#0" [stack: 0x000000da75500000,0x000000da75600000] [id=17488]
  0x000001ef3a79def0 ConcurrentGCThread "G1 Refine#0" [stack: 0x000000da75600000,0x000000da75700000] [id=27516]
  0x000001ef3a79e830 ConcurrentGCThread "G1 Service" [stack: 0x000000da75700000,0x000000da75800000] [id=18824]

Threads with active compile tasks:
C2 CompilerThread0    17269 13329       4       org.gradle.internal.dispatch.ProxyDispatchAdapter$DispatchingInvocationHandler::invoke (184 bytes)
C2 CompilerThread1    17269 13322   !   4       com.google.common.cache.LocalCache$Segment::lockedGetOrLoad (447 bytes)

VM state: not at safepoint (normal execution)

VM Mutex/Monitor currently owned by a thread: None

Heap address: 0x0000000080000000, size: 2048 MB, Compressed Oops mode: 32-bit

CDS archive(s) mapped at: [0x000001ef59000000-0x000001ef59bd0000-0x000001ef59bd0000), size 12386304, SharedBaseAddress: 0x000001ef59000000, ArchiveRelocationMode: 1.
Compressed class space mapped at: 0x000001ef5a000000-0x000001ef9a000000, reserved size: 1073741824
Narrow klass base: 0x000001ef59000000, Narrow klass shift: 0, Narrow klass range: 0x100000000

GC Precious Log:
 CPUs: 4 total, 4 available
 Memory: 12091M
 Large Page Support: Disabled
 NUMA Support: Disabled
 Compressed Oops: Enabled (32-bit)
 Heap Region Size: 1M
 Heap Min Capacity: 8M
 Heap Initial Capacity: 190M
 Heap Max Capacity: 2G
 Pre-touch: Disabled
 Parallel Workers: 4
 Concurrent Workers: 1
 Concurrent Refinement Workers: 4
 Periodic GC: Disabled

Heap:
 garbage-first heap   total 409600K, used 220120K [0x0000000080000000, 0x0000000100000000)
  region size 1024K, 112 young (114688K), 3 survivors (3072K)
 Metaspace       used 85411K, committed 86208K, reserved 1179648K
  class space    used 11718K, committed 12096K, reserved 1048576K

Heap Regions: E=young(eden), S=young(survivor), O=old, HS=humongous(starts), HC=humongous(continues), CS=collection set, F=free, OA=open archive, CA=closed archive, TAMS=top-at-mark-start (previous, next)
|   0|0x0000000080000000, 0x0000000080100000, 0x0000000080100000|100%|HS|  |TAMS 0x0000000080100000, 0x0000000080000000| Complete 
|   1|0x0000000080100000, 0x0000000080200000, 0x0000000080200000|100%|HC|  |TAMS 0x0000000080200000, 0x0000000080100000| Complete 
|   2|0x0000000080200000, 0x0000000080300000, 0x0000000080300000|100%|HC|  |TAMS 0x0000000080300000, 0x0000000080200000| Complete 
|   3|0x0000000080300000, 0x0000000080400000, 0x0000000080400000|100%| O|  |TAMS 0x0000000080400000, 0x0000000080300000| Untracked 
|   4|0x0000000080400000, 0x0000000080500000, 0x0000000080500000|100%| O|  |TAMS 0x0000000080500000, 0x0000000080400000| Untracked 
|   5|0x0000000080500000, 0x0000000080600000, 0x0000000080600000|100%| O|  |TAMS 0x0000000080600000, 0x0000000080500000| Untracked 
|   6|0x0000000080600000, 0x0000000080700000, 0x0000000080700000|100%| O|  |TAMS 0x0000000080700000, 0x0000000080600000| Untracked 
|   7|0x0000000080700000, 0x0000000080800000, 0x0000000080800000|100%| O|  |TAMS 0x0000000080800000, 0x0000000080700000| Untracked 
|   8|0x0000000080800000, 0x0000000080900000, 0x0000000080900000|100%| O|  |TAMS 0x0000000080900000, 0x0000000080800000| Untracked 
|   9|0x0000000080900000, 0x0000000080a00000, 0x0000000080a00000|100%| O|  |TAMS 0x0000000080a00000, 0x0000000080900000| Untracked 
|  10|0x0000000080a00000, 0x0000000080a00000, 0x0000000080b00000|  0%| F|  |TAMS 0x0000000080a00000, 0x0000000080a00000| Untracked 
|  11|0x0000000080b00000, 0x0000000080c00000, 0x0000000080c00000|100%| O|  |TAMS 0x0000000080c00000, 0x0000000080b00000| Untracked 
|  12|0x0000000080c00000, 0x0000000080d00000, 0x0000000080d00000|100%| O|  |TAMS 0x0000000080d00000, 0x0000000080c00000| Untracked 
|  13|0x0000000080d00000, 0x0000000080e00000, 0x0000000080e00000|100%| O|  |TAMS 0x0000000080e00000, 0x0000000080d00000| Untracked 
|  14|0x0000000080e00000, 0x0000000080f00000, 0x0000000080f00000|100%| O|  |TAMS 0x0000000080f00000, 0x0000000080e00000| Untracked 
|  15|0x0000000080f00000, 0x0000000081000000, 0x0000000081000000|100%| O|  |TAMS 0x0000000081000000, 0x0000000080f00000| Untracked 
|  16|0x0000000081000000, 0x0000000081100000, 0x0000000081100000|100%| O|  |TAMS 0x0000000081100000, 0x0000000081000000| Untracked 
|  17|0x0000000081100000, 0x0000000081200000, 0x0000000081200000|100%| O|  |TAMS 0x0000000081200000, 0x0000000081100000| Untracked 
|  18|0x0000000081200000, 0x0000000081300000, 0x0000000081300000|100%| O|  |TAMS 0x0000000081300000, 0x0000000081200000| Untracked 
|  19|0x0000000081300000, 0x0000000081400000, 0x0000000081400000|100%| O|  |TAMS 0x0000000081400000, 0x0000000081300000| Untracked 
|  20|0x0000000081400000, 0x0000000081500000, 0x0000000081500000|100%| O|  |TAMS 0x0000000081500000, 0x0000000081400000| Untracked 
|  21|0x0000000081500000, 0x0000000081600000, 0x0000000081600000|100%| O|  |TAMS 0x0000000081600000, 0x0000000081500000| Untracked 
|  22|0x0000000081600000, 0x0000000081700000, 0x0000000081700000|100%| O|  |TAMS 0x0000000081700000, 0x0000000081600000| Untracked 
|  23|0x0000000081700000, 0x0000000081800000, 0x0000000081800000|100%| O|  |TAMS 0x0000000081800000, 0x0000000081700000| Untracked 
|  24|0x0000000081800000, 0x0000000081900000, 0x0000000081900000|100%| O|  |TAMS 0x0000000081900000, 0x0000000081800000| Untracked 
|  25|0x0000000081900000, 0x0000000081a00000, 0x0000000081a00000|100%| O|  |TAMS 0x0000000081a00000, 0x0000000081900000| Untracked 
|  26|0x0000000081a00000, 0x0000000081b00000, 0x0000000081b00000|100%| O|  |TAMS 0x0000000081b00000, 0x0000000081a00000| Untracked 
|  27|0x0000000081b00000, 0x0000000081c00000, 0x0000000081c00000|100%| O|  |TAMS 0x0000000081c00000, 0x0000000081b00000| Untracked 
|  28|0x0000000081c00000, 0x0000000081d00000, 0x0000000081d00000|100%| O|  |TAMS 0x0000000081d00000, 0x0000000081c00000| Untracked 
|  29|0x0000000081d00000, 0x0000000081e00000, 0x0000000081e00000|100%| O|  |TAMS 0x0000000081e00000, 0x0000000081d00000| Untracked 
|  30|0x0000000081e00000, 0x0000000081f00000, 0x0000000081f00000|100%| O|  |TAMS 0x0000000081f00000, 0x0000000081e00000| Untracked 
|  31|0x0000000081f00000, 0x0000000082000000, 0x0000000082000000|100%| O|  |TAMS 0x0000000082000000, 0x0000000081f00000| Untracked 
|  32|0x0000000082000000, 0x0000000082000000, 0x0000000082100000|  0%| F|  |TAMS 0x0000000082000000, 0x0000000082000000| Untracked 
|  33|0x0000000082100000, 0x0000000082200000, 0x0000000082200000|100%| O|  |TAMS 0x0000000082200000, 0x0000000082100000| Untracked 
|  34|0x0000000082200000, 0x0000000082300000, 0x0000000082300000|100%|HS|  |TAMS 0x0000000082300000, 0x0000000082200000| Complete 
|  35|0x0000000082300000, 0x0000000082400000, 0x0000000082400000|100%|HS|  |TAMS 0x0000000082400000, 0x0000000082300000| Complete 
|  36|0x0000000082400000, 0x0000000082500000, 0x0000000082500000|100%|HS|  |TAMS 0x0000000082500000, 0x0000000082400000| Complete 
|  37|0x0000000082500000, 0x0000000082600000, 0x0000000082600000|100%|HS|  |TAMS 0x0000000082600000, 0x0000000082500000| Complete 
|  38|0x0000000082600000, 0x0000000082700000, 0x0000000082700000|100%|HC|  |TAMS 0x0000000082700000, 0x0000000082600000| Complete 
|  39|0x0000000082700000, 0x0000000082800000, 0x0000000082800000|100%|HC|  |TAMS 0x0000000082800000, 0x0000000082700000| Complete 
|  40|0x0000000082800000, 0x0000000082900000, 0x0000000082900000|100%| O|  |TAMS 0x0000000082900000, 0x0000000082800000| Untracked 
|  41|0x0000000082900000, 0x0000000082a00000, 0x0000000082a00000|100%| O|  |TAMS 0x0000000082a00000, 0x0000000082900000| Untracked 
|  42|0x0000000082a00000, 0x0000000082b00000, 0x0000000082b00000|100%| O|  |TAMS 0x0000000082b00000, 0x0000000082a00000| Untracked 
|  43|0x0000000082b00000, 0x0000000082c00000, 0x0000000082c00000|100%| O|  |TAMS 0x0000000082c00000, 0x0000000082b00000| Untracked 
|  44|0x0000000082c00000, 0x0000000082d00000, 0x0000000082d00000|100%| O|  |TAMS 0x0000000082d00000, 0x0000000082c00000| Untracked 
|  45|0x0000000082d00000, 0x0000000082e00000, 0x0000000082e00000|100%| O|  |TAMS 0x0000000082e00000, 0x0000000082d00000| Untracked 
|  46|0x0000000082e00000, 0x0000000082f00000, 0x0000000082f00000|100%| O|  |TAMS 0x0000000082f00000, 0x0000000082e00000| Untracked 
|  47|0x0000000082f00000, 0x0000000083000000, 0x0000000083000000|100%| O|  |TAMS 0x0000000083000000, 0x0000000082f00000| Untracked 
|  48|0x0000000083000000, 0x0000000083100000, 0x0000000083100000|100%| O|  |TAMS 0x0000000083100000, 0x0000000083000000| Untracked 
|  49|0x0000000083100000, 0x0000000083200000, 0x0000000083200000|100%| O|  |TAMS 0x0000000083200000, 0x0000000083100000| Untracked 
|  50|0x0000000083200000, 0x0000000083300000, 0x0000000083300000|100%| O|  |TAMS 0x0000000083300000, 0x0000000083200000| Untracked 
|  51|0x0000000083300000, 0x0000000083400000, 0x0000000083400000|100%| O|  |TAMS 0x0000000083400000, 0x0000000083300000| Untracked 
|  52|0x0000000083400000, 0x0000000083500000, 0x0000000083500000|100%| O|  |TAMS 0x0000000083500000, 0x0000000083400000| Untracked 
|  53|0x0000000083500000, 0x0000000083600000, 0x0000000083600000|100%| O|  |TAMS 0x0000000083600000, 0x0000000083500000| Untracked 
|  54|0x0000000083600000, 0x0000000083700000, 0x0000000083700000|100%| O|  |TAMS 0x0000000083700000, 0x0000000083600000| Untracked 
|  55|0x0000000083700000, 0x0000000083800000, 0x0000000083800000|100%| O|  |TAMS 0x0000000083800000, 0x0000000083700000| Untracked 
|  56|0x0000000083800000, 0x0000000083900000, 0x0000000083900000|100%| O|  |TAMS 0x0000000083900000, 0x0000000083800000| Untracked 
|  57|0x0000000083900000, 0x0000000083a00000, 0x0000000083a00000|100%| O|  |TAMS 0x0000000083a00000, 0x0000000083900000| Untracked 
|  58|0x0000000083a00000, 0x0000000083b00000, 0x0000000083b00000|100%| O|  |TAMS 0x0000000083b00000, 0x0000000083a00000| Untracked 
|  59|0x0000000083b00000, 0x0000000083c00000, 0x0000000083c00000|100%| O|  |TAMS 0x0000000083c00000, 0x0000000083b00000| Untracked 
|  60|0x0000000083c00000, 0x0000000083d00000, 0x0000000083d00000|100%| O|  |TAMS 0x0000000083d00000, 0x0000000083c00000| Untracked 
|  61|0x0000000083d00000, 0x0000000083e00000, 0x0000000083e00000|100%| O|  |TAMS 0x0000000083e00000, 0x0000000083d00000| Untracked 
|  62|0x0000000083e00000, 0x0000000083f00000, 0x0000000083f00000|100%| O|  |TAMS 0x0000000083f00000, 0x0000000083e00000| Untracked 
|  63|0x0000000083f00000, 0x0000000084000000, 0x0000000084000000|100%| O|  |TAMS 0x0000000084000000, 0x0000000083f00000| Untracked 
|  64|0x0000000084000000, 0x0000000084100000, 0x0000000084100000|100%| O|  |TAMS 0x0000000084100000, 0x0000000084000000| Untracked 
|  65|0x0000000084100000, 0x0000000084200000, 0x0000000084200000|100%| O|  |TAMS 0x0000000084200000, 0x0000000084100000| Untracked 
|  66|0x0000000084200000, 0x0000000084300000, 0x0000000084300000|100%| O|  |TAMS 0x0000000084300000, 0x0000000084200000| Untracked 
|  67|0x0000000084300000, 0x0000000084400000, 0x0000000084400000|100%| O|  |TAMS 0x0000000084400000, 0x0000000084300000| Untracked 
|  68|0x0000000084400000, 0x0000000084500000, 0x0000000084500000|100%| O|  |TAMS 0x0000000084500000, 0x0000000084400000| Untracked 
|  69|0x0000000084500000, 0x0000000084600000, 0x0000000084600000|100%| O|  |TAMS 0x0000000084600000, 0x0000000084500000| Untracked 
|  70|0x0000000084600000, 0x0000000084700000, 0x0000000084700000|100%| O|  |TAMS 0x0000000084700000, 0x0000000084600000| Untracked 
|  71|0x0000000084700000, 0x0000000084800000, 0x0000000084800000|100%| O|  |TAMS 0x0000000084800000, 0x0000000084700000| Untracked 
|  72|0x0000000084800000, 0x0000000084900000, 0x0000000084900000|100%| O|  |TAMS 0x0000000084900000, 0x0000000084800000| Untracked 
|  73|0x0000000084900000, 0x0000000084a00000, 0x0000000084a00000|100%| O|  |TAMS 0x0000000084a00000, 0x0000000084900000| Untracked 
|  74|0x0000000084a00000, 0x0000000084b00000, 0x0000000084b00000|100%| O|  |TAMS 0x0000000084b00000, 0x0000000084a00000| Untracked 
|  75|0x0000000084b00000, 0x0000000084c00000, 0x0000000084c00000|100%| O|  |TAMS 0x0000000084c00000, 0x0000000084b00000| Untracked 
|  76|0x0000000084c00000, 0x0000000084d00000, 0x0000000084d00000|100%| O|  |TAMS 0x0000000084d00000, 0x0000000084c00000| Untracked 
|  77|0x0000000084d00000, 0x0000000084e00000, 0x0000000084e00000|100%| O|  |TAMS 0x0000000084e00000, 0x0000000084d00000| Untracked 
|  78|0x0000000084e00000, 0x0000000084f00000, 0x0000000084f00000|100%| O|  |TAMS 0x0000000084f00000, 0x0000000084e00000| Untracked 
|  79|0x0000000084f00000, 0x0000000085000000, 0x0000000085000000|100%| O|  |TAMS 0x0000000085000000, 0x0000000084f00000| Untracked 
|  80|0x0000000085000000, 0x0000000085100000, 0x0000000085100000|100%| O|  |TAMS 0x0000000085100000, 0x0000000085000000| Untracked 
|  81|0x0000000085100000, 0x0000000085200000, 0x0000000085200000|100%| O|  |TAMS 0x0000000085200000, 0x0000000085100000| Untracked 
|  82|0x0000000085200000, 0x0000000085300000, 0x0000000085300000|100%| O|  |TAMS 0x0000000085300000, 0x0000000085200000| Untracked 
|  83|0x0000000085300000, 0x0000000085400000, 0x0000000085400000|100%| O|  |TAMS 0x0000000085400000, 0x0000000085300000| Untracked 
|  84|0x0000000085400000, 0x0000000085500000, 0x0000000085500000|100%| O|  |TAMS 0x0000000085500000, 0x0000000085400000| Untracked 
|  85|0x0000000085500000, 0x0000000085600000, 0x0000000085600000|100%| O|  |TAMS 0x0000000085600000, 0x0000000085500000| Untracked 
|  86|0x0000000085600000, 0x0000000085700000, 0x0000000085700000|100%| O|  |TAMS 0x0000000085700000, 0x0000000085600000| Untracked 
|  87|0x0000000085700000, 0x0000000085800000, 0x0000000085800000|100%| O|  |TAMS 0x0000000085800000, 0x0000000085700000| Untracked 
|  88|0x0000000085800000, 0x0000000085900000, 0x0000000085900000|100%| O|  |TAMS 0x0000000085900000, 0x0000000085800000| Untracked 
|  89|0x0000000085900000, 0x0000000085a00000, 0x0000000085a00000|100%| O|  |TAMS 0x0000000085a00000, 0x0000000085900000| Untracked 
|  90|0x0000000085a00000, 0x0000000085b00000, 0x0000000085b00000|100%| O|  |TAMS 0x0000000085b00000, 0x0000000085a00000| Untracked 
|  91|0x0000000085b00000, 0x0000000085c00000, 0x0000000085c00000|100%| O|  |TAMS 0x0000000085c00000, 0x0000000085b00000| Untracked 
|  92|0x0000000085c00000, 0x0000000085d00000, 0x0000000085d00000|100%| O|  |TAMS 0x0000000085d00000, 0x0000000085c00000| Untracked 
|  93|0x0000000085d00000, 0x0000000085e00000, 0x0000000085e00000|100%| O|  |TAMS 0x0000000085e00000, 0x0000000085d00000| Untracked 
|  94|0x0000000085e00000, 0x0000000085f00000, 0x0000000085f00000|100%| O|  |TAMS 0x0000000085f00000, 0x0000000085e00000| Untracked 
|  95|0x0000000085f00000, 0x0000000086000000, 0x0000000086000000|100%| O|  |TAMS 0x0000000086000000, 0x0000000085f00000| Untracked 
|  96|0x0000000086000000, 0x0000000086100000, 0x0000000086100000|100%| O|  |TAMS 0x0000000086100000, 0x0000000086000000| Untracked 
|  97|0x0000000086100000, 0x0000000086200000, 0x0000000086200000|100%| O|  |TAMS 0x0000000086200000, 0x0000000086100000| Untracked 
|  98|0x0000000086200000, 0x0000000086300000, 0x0000000086300000|100%| O|  |TAMS 0x0000000086300000, 0x0000000086200000| Complete 
|  99|0x0000000086300000, 0x0000000086400000, 0x0000000086400000|100%| O|  |TAMS 0x0000000086400000, 0x0000000086300000| Untracked 
| 100|0x0000000086400000, 0x0000000086500000, 0x0000000086500000|100%| O|  |TAMS 0x0000000086500000, 0x0000000086400000| Untracked 
| 101|0x0000000086500000, 0x0000000086600000, 0x0000000086600000|100%| O|  |TAMS 0x0000000086600000, 0x0000000086500000| Untracked 
| 102|0x0000000086600000, 0x0000000086700000, 0x0000000086700000|100%| O|  |TAMS 0x0000000086700000, 0x0000000086600000| Untracked 
| 103|0x0000000086700000, 0x0000000086800000, 0x0000000086800000|100%| O|  |TAMS 0x0000000086800000, 0x0000000086700000| Untracked 
| 104|0x0000000086800000, 0x0000000086900000, 0x0000000086900000|100%| O|  |TAMS 0x0000000086900000, 0x0000000086800000| Untracked 
| 105|0x0000000086900000, 0x0000000086a00000, 0x0000000086a00000|100%| O|  |TAMS 0x0000000086a00000, 0x0000000086900000| Untracked 
| 106|0x0000000086a00000, 0x0000000086b00000, 0x0000000086b00000|100%| O|  |TAMS 0x0000000086b00000, 0x0000000086a00000| Untracked 
| 107|0x0000000086b00000, 0x0000000086b25800, 0x0000000086c00000| 14%| O|  |TAMS 0x0000000086b25800, 0x0000000086b00000| Complete 
| 108|0x0000000086c00000, 0x0000000086c00000, 0x0000000086d00000|  0%| F|  |TAMS 0x0000000086c00000, 0x0000000086c00000| Untracked 
| 109|0x0000000086d00000, 0x0000000086d00000, 0x0000000086e00000|  0%| F|  |TAMS 0x0000000086d00000, 0x0000000086d00000| Untracked 
| 110|0x0000000086e00000, 0x0000000086e00000, 0x0000000086f00000|  0%| F|  |TAMS 0x0000000086e00000, 0x0000000086e00000| Untracked 
| 111|0x0000000086f00000, 0x0000000086f00000, 0x0000000087000000|  0%| F|  |TAMS 0x0000000086f00000, 0x0000000086f00000| Untracked 
| 112|0x0000000087000000, 0x0000000087000000, 0x0000000087100000|  0%| F|  |TAMS 0x0000000087000000, 0x0000000087000000| Untracked 
| 113|0x0000000087100000, 0x0000000087100000, 0x0000000087200000|  0%| F|  |TAMS 0x0000000087100000, 0x0000000087100000| Untracked 
| 114|0x0000000087200000, 0x0000000087200000, 0x0000000087300000|  0%| F|  |TAMS 0x0000000087200000, 0x0000000087200000| Untracked 
| 115|0x0000000087300000, 0x0000000087300000, 0x0000000087400000|  0%| F|  |TAMS 0x0000000087300000, 0x0000000087300000| Untracked 
| 116|0x0000000087400000, 0x0000000087400000, 0x0000000087500000|  0%| F|  |TAMS 0x0000000087400000, 0x0000000087400000| Untracked 
| 117|0x0000000087500000, 0x0000000087500000, 0x0000000087600000|  0%| F|  |TAMS 0x0000000087500000, 0x0000000087500000| Untracked 
| 118|0x0000000087600000, 0x0000000087600000, 0x0000000087700000|  0%| F|  |TAMS 0x0000000087600000, 0x0000000087600000| Untracked 
| 119|0x0000000087700000, 0x0000000087700000, 0x0000000087800000|  0%| F|  |TAMS 0x0000000087700000, 0x0000000087700000| Untracked 
| 120|0x0000000087800000, 0x0000000087800000, 0x0000000087900000|  0%| F|  |TAMS 0x0000000087800000, 0x0000000087800000| Untracked 
| 121|0x0000000087900000, 0x0000000087900000, 0x0000000087a00000|  0%| F|  |TAMS 0x0000000087900000, 0x0000000087900000| Untracked 
| 122|0x0000000087a00000, 0x0000000087a00000, 0x0000000087b00000|  0%| F|  |TAMS 0x0000000087a00000, 0x0000000087a00000| Untracked 
| 123|0x0000000087b00000, 0x0000000087b00000, 0x0000000087c00000|  0%| F|  |TAMS 0x0000000087b00000, 0x0000000087b00000| Untracked 
| 124|0x0000000087c00000, 0x0000000087c00000, 0x0000000087d00000|  0%| F|  |TAMS 0x0000000087c00000, 0x0000000087c00000| Untracked 
| 125|0x0000000087d00000, 0x0000000087d00000, 0x0000000087e00000|  0%| F|  |TAMS 0x0000000087d00000, 0x0000000087d00000| Untracked 
| 126|0x0000000087e00000, 0x0000000087e00000, 0x0000000087f00000|  0%| F|  |TAMS 0x0000000087e00000, 0x0000000087e00000| Untracked 
| 127|0x0000000087f00000, 0x0000000087f00000, 0x0000000088000000|  0%| F|  |TAMS 0x0000000087f00000, 0x0000000087f00000| Untracked 
| 128|0x0000000088000000, 0x0000000088000000, 0x0000000088100000|  0%| F|  |TAMS 0x0000000088000000, 0x0000000088000000| Untracked 
| 129|0x0000000088100000, 0x0000000088100000, 0x0000000088200000|  0%| F|  |TAMS 0x0000000088100000, 0x0000000088100000| Untracked 
| 130|0x0000000088200000, 0x0000000088200000, 0x0000000088300000|  0%| F|  |TAMS 0x0000000088200000, 0x0000000088200000| Untracked 
| 131|0x0000000088300000, 0x0000000088300000, 0x0000000088400000|  0%| F|  |TAMS 0x0000000088300000, 0x0000000088300000| Untracked 
| 132|0x0000000088400000, 0x0000000088400000, 0x0000000088500000|  0%| F|  |TAMS 0x0000000088400000, 0x0000000088400000| Untracked 
| 133|0x0000000088500000, 0x0000000088500000, 0x0000000088600000|  0%| F|  |TAMS 0x0000000088500000, 0x0000000088500000| Untracked 
| 134|0x0000000088600000, 0x0000000088600000, 0x0000000088700000|  0%| F|  |TAMS 0x0000000088600000, 0x0000000088600000| Untracked 
| 135|0x0000000088700000, 0x0000000088700000, 0x0000000088800000|  0%| F|  |TAMS 0x0000000088700000, 0x0000000088700000| Untracked 
| 136|0x0000000088800000, 0x0000000088800000, 0x0000000088900000|  0%| F|  |TAMS 0x0000000088800000, 0x0000000088800000| Untracked 
| 137|0x0000000088900000, 0x00000000889d0bd8, 0x0000000088a00000| 81%| S|CS|TAMS 0x0000000088900000, 0x0000000088900000| Complete 
| 138|0x0000000088a00000, 0x0000000088b00000, 0x0000000088b00000|100%| S|CS|TAMS 0x0000000088a00000, 0x0000000088a00000| Complete 
| 139|0x0000000088b00000, 0x0000000088c00000, 0x0000000088c00000|100%| S|CS|TAMS 0x0000000088b00000, 0x0000000088b00000| Complete 
| 140|0x0000000088c00000, 0x0000000088c00000, 0x0000000088d00000|  0%| F|  |TAMS 0x0000000088c00000, 0x0000000088c00000| Untracked 
| 141|0x0000000088d00000, 0x0000000088d00000, 0x0000000088e00000|  0%| F|  |TAMS 0x0000000088d00000, 0x0000000088d00000| Untracked 
| 142|0x0000000088e00000, 0x0000000088e00000, 0x0000000088f00000|  0%| F|  |TAMS 0x0000000088e00000, 0x0000000088e00000| Untracked 
| 143|0x0000000088f00000, 0x0000000088f00000, 0x0000000089000000|  0%| F|  |TAMS 0x0000000088f00000, 0x0000000088f00000| Untracked 
| 144|0x0000000089000000, 0x0000000089000000, 0x0000000089100000|  0%| F|  |TAMS 0x0000000089000000, 0x0000000089000000| Untracked 
| 145|0x0000000089100000, 0x0000000089100000, 0x0000000089200000|  0%| F|  |TAMS 0x0000000089100000, 0x0000000089100000| Untracked 
| 146|0x0000000089200000, 0x0000000089200000, 0x0000000089300000|  0%| F|  |TAMS 0x0000000089200000, 0x0000000089200000| Untracked 
| 147|0x0000000089300000, 0x0000000089300000, 0x0000000089400000|  0%| F|  |TAMS 0x0000000089300000, 0x0000000089300000| Untracked 
| 148|0x0000000089400000, 0x0000000089400000, 0x0000000089500000|  0%| F|  |TAMS 0x0000000089400000, 0x0000000089400000| Untracked 
| 149|0x0000000089500000, 0x0000000089500000, 0x0000000089600000|  0%| F|  |TAMS 0x0000000089500000, 0x0000000089500000| Untracked 
| 150|0x0000000089600000, 0x0000000089600000, 0x0000000089700000|  0%| F|  |TAMS 0x0000000089600000, 0x0000000089600000| Untracked 
| 151|0x0000000089700000, 0x0000000089700000, 0x0000000089800000|  0%| F|  |TAMS 0x0000000089700000, 0x0000000089700000| Untracked 
| 152|0x0000000089800000, 0x0000000089800000, 0x0000000089900000|  0%| F|  |TAMS 0x0000000089800000, 0x0000000089800000| Untracked 
| 153|0x0000000089900000, 0x0000000089900000, 0x0000000089a00000|  0%| F|  |TAMS 0x0000000089900000, 0x0000000089900000| Untracked 
| 154|0x0000000089a00000, 0x0000000089a00000, 0x0000000089b00000|  0%| F|  |TAMS 0x0000000089a00000, 0x0000000089a00000| Untracked 
| 155|0x0000000089b00000, 0x0000000089b00000, 0x0000000089c00000|  0%| F|  |TAMS 0x0000000089b00000, 0x0000000089b00000| Untracked 
| 156|0x0000000089c00000, 0x0000000089c00000, 0x0000000089d00000|  0%| F|  |TAMS 0x0000000089c00000, 0x0000000089c00000| Untracked 
| 157|0x0000000089d00000, 0x0000000089d00000, 0x0000000089e00000|  0%| F|  |TAMS 0x0000000089d00000, 0x0000000089d00000| Untracked 
| 158|0x0000000089e00000, 0x0000000089e00000, 0x0000000089f00000|  0%| F|  |TAMS 0x0000000089e00000, 0x0000000089e00000| Untracked 
| 159|0x0000000089f00000, 0x0000000089f00000, 0x000000008a000000|  0%| F|  |TAMS 0x0000000089f00000, 0x0000000089f00000| Untracked 
| 160|0x000000008a000000, 0x000000008a000000, 0x000000008a100000|  0%| F|  |TAMS 0x000000008a000000, 0x000000008a000000| Untracked 
| 161|0x000000008a100000, 0x000000008a100000, 0x000000008a200000|  0%| F|  |TAMS 0x000000008a100000, 0x000000008a100000| Untracked 
| 162|0x000000008a200000, 0x000000008a200000, 0x000000008a300000|  0%| F|  |TAMS 0x000000008a200000, 0x000000008a200000| Untracked 
| 163|0x000000008a300000, 0x000000008a300000, 0x000000008a400000|  0%| F|  |TAMS 0x000000008a300000, 0x000000008a300000| Untracked 
| 164|0x000000008a400000, 0x000000008a400000, 0x000000008a500000|  0%| F|  |TAMS 0x000000008a400000, 0x000000008a400000| Untracked 
| 165|0x000000008a500000, 0x000000008a500000, 0x000000008a600000|  0%| F|  |TAMS 0x000000008a500000, 0x000000008a500000| Untracked 
| 166|0x000000008a600000, 0x000000008a600000, 0x000000008a700000|  0%| F|  |TAMS 0x000000008a600000, 0x000000008a600000| Untracked 
| 167|0x000000008a700000, 0x000000008a700000, 0x000000008a800000|  0%| F|  |TAMS 0x000000008a700000, 0x000000008a700000| Untracked 
| 168|0x000000008a800000, 0x000000008a800000, 0x000000008a900000|  0%| F|  |TAMS 0x000000008a800000, 0x000000008a800000| Untracked 
| 169|0x000000008a900000, 0x000000008a900000, 0x000000008aa00000|  0%| F|  |TAMS 0x000000008a900000, 0x000000008a900000| Untracked 
| 170|0x000000008aa00000, 0x000000008aa00000, 0x000000008ab00000|  0%| F|  |TAMS 0x000000008aa00000, 0x000000008aa00000| Untracked 
| 171|0x000000008ab00000, 0x000000008ab00000, 0x000000008ac00000|  0%| F|  |TAMS 0x000000008ab00000, 0x000000008ab00000| Untracked 
| 172|0x000000008ac00000, 0x000000008ac00000, 0x000000008ad00000|  0%| F|  |TAMS 0x000000008ac00000, 0x000000008ac00000| Untracked 
| 173|0x000000008ad00000, 0x000000008ad00000, 0x000000008ae00000|  0%| F|  |TAMS 0x000000008ad00000, 0x000000008ad00000| Untracked 
| 174|0x000000008ae00000, 0x000000008ae00000, 0x000000008af00000|  0%| F|  |TAMS 0x000000008ae00000, 0x000000008ae00000| Untracked 
| 175|0x000000008af00000, 0x000000008af00000, 0x000000008b000000|  0%| F|  |TAMS 0x000000008af00000, 0x000000008af00000| Untracked 
| 176|0x000000008b000000, 0x000000008b000000, 0x000000008b100000|  0%| F|  |TAMS 0x000000008b000000, 0x000000008b000000| Untracked 
| 177|0x000000008b100000, 0x000000008b100000, 0x000000008b200000|  0%| F|  |TAMS 0x000000008b100000, 0x000000008b100000| Untracked 
| 178|0x000000008b200000, 0x000000008b200000, 0x000000008b300000|  0%| F|  |TAMS 0x000000008b200000, 0x000000008b200000| Untracked 
| 179|0x000000008b300000, 0x000000008b300000, 0x000000008b400000|  0%| F|  |TAMS 0x000000008b300000, 0x000000008b300000| Untracked 
| 180|0x000000008b400000, 0x000000008b400000, 0x000000008b500000|  0%| F|  |TAMS 0x000000008b400000, 0x000000008b400000| Untracked 
| 181|0x000000008b500000, 0x000000008b500000, 0x000000008b600000|  0%| F|  |TAMS 0x000000008b500000, 0x000000008b500000| Untracked 
| 182|0x000000008b600000, 0x000000008b600000, 0x000000008b700000|  0%| F|  |TAMS 0x000000008b600000, 0x000000008b600000| Untracked 
| 183|0x000000008b700000, 0x000000008b700000, 0x000000008b800000|  0%| F|  |TAMS 0x000000008b700000, 0x000000008b700000| Untracked 
| 184|0x000000008b800000, 0x000000008b800000, 0x000000008b900000|  0%| F|  |TAMS 0x000000008b800000, 0x000000008b800000| Untracked 
| 185|0x000000008b900000, 0x000000008b900000, 0x000000008ba00000|  0%| F|  |TAMS 0x000000008b900000, 0x000000008b900000| Untracked 
| 186|0x000000008ba00000, 0x000000008ba00000, 0x000000008bb00000|  0%| F|  |TAMS 0x000000008ba00000, 0x000000008ba00000| Untracked 
| 187|0x000000008bb00000, 0x000000008bb00000, 0x000000008bc00000|  0%| F|  |TAMS 0x000000008bb00000, 0x000000008bb00000| Untracked 
| 188|0x000000008bc00000, 0x000000008bc00000, 0x000000008bd00000|  0%| F|  |TAMS 0x000000008bc00000, 0x000000008bc00000| Untracked 
| 189|0x000000008bd00000, 0x000000008bd00000, 0x000000008be00000|  0%| F|  |TAMS 0x000000008bd00000, 0x000000008bd00000| Untracked 
| 190|0x000000008be00000, 0x000000008be00000, 0x000000008bf00000|  0%| F|  |TAMS 0x000000008be00000, 0x000000008be00000| Untracked 
| 191|0x000000008bf00000, 0x000000008bf00000, 0x000000008c000000|  0%| F|  |TAMS 0x000000008bf00000, 0x000000008bf00000| Untracked 
| 192|0x000000008c000000, 0x000000008c000000, 0x000000008c100000|  0%| F|  |TAMS 0x000000008c000000, 0x000000008c000000| Untracked 
| 193|0x000000008c100000, 0x000000008c100000, 0x000000008c200000|  0%| F|  |TAMS 0x000000008c100000, 0x000000008c100000| Untracked 
| 194|0x000000008c200000, 0x000000008c200000, 0x000000008c300000|  0%| F|  |TAMS 0x000000008c200000, 0x000000008c200000| Untracked 
| 195|0x000000008c300000, 0x000000008c300000, 0x000000008c400000|  0%| F|  |TAMS 0x000000008c300000, 0x000000008c300000| Untracked 
| 196|0x000000008c400000, 0x000000008c400000, 0x000000008c500000|  0%| F|  |TAMS 0x000000008c400000, 0x000000008c400000| Untracked 
| 197|0x000000008c500000, 0x000000008c500000, 0x000000008c600000|  0%| F|  |TAMS 0x000000008c500000, 0x000000008c500000| Untracked 
| 198|0x000000008c600000, 0x000000008c600000, 0x000000008c700000|  0%| F|  |TAMS 0x000000008c600000, 0x000000008c600000| Untracked 
| 199|0x000000008c700000, 0x000000008c700000, 0x000000008c800000|  0%| F|  |TAMS 0x000000008c700000, 0x000000008c700000| Untracked 
| 200|0x000000008c800000, 0x000000008c800000, 0x000000008c900000|  0%| F|  |TAMS 0x000000008c800000, 0x000000008c800000| Untracked 
| 201|0x000000008c900000, 0x000000008c900000, 0x000000008ca00000|  0%| F|  |TAMS 0x000000008c900000, 0x000000008c900000| Untracked 
| 202|0x000000008ca00000, 0x000000008ca00000, 0x000000008cb00000|  0%| F|  |TAMS 0x000000008ca00000, 0x000000008ca00000| Untracked 
| 203|0x000000008cb00000, 0x000000008cb00000, 0x000000008cc00000|  0%| F|  |TAMS 0x000000008cb00000, 0x000000008cb00000| Untracked 
| 204|0x000000008cc00000, 0x000000008cc00000, 0x000000008cd00000|  0%| F|  |TAMS 0x000000008cc00000, 0x000000008cc00000| Untracked 
| 205|0x000000008cd00000, 0x000000008cd00000, 0x000000008ce00000|  0%| F|  |TAMS 0x000000008cd00000, 0x000000008cd00000| Untracked 
| 206|0x000000008ce00000, 0x000000008ce00000, 0x000000008cf00000|  0%| F|  |TAMS 0x000000008ce00000, 0x000000008ce00000| Untracked 
| 207|0x000000008cf00000, 0x000000008cf00000, 0x000000008d000000|  0%| F|  |TAMS 0x000000008cf00000, 0x000000008cf00000| Untracked 
| 208|0x000000008d000000, 0x000000008d000000, 0x000000008d100000|  0%| F|  |TAMS 0x000000008d000000, 0x000000008d000000| Untracked 
| 209|0x000000008d100000, 0x000000008d100000, 0x000000008d200000|  0%| F|  |TAMS 0x000000008d100000, 0x000000008d100000| Untracked 
| 210|0x000000008d200000, 0x000000008d200000, 0x000000008d300000|  0%| F|  |TAMS 0x000000008d200000, 0x000000008d200000| Untracked 
| 211|0x000000008d300000, 0x000000008d300000, 0x000000008d400000|  0%| F|  |TAMS 0x000000008d300000, 0x000000008d300000| Untracked 
| 212|0x000000008d400000, 0x000000008d400000, 0x000000008d500000|  0%| F|  |TAMS 0x000000008d400000, 0x000000008d400000| Untracked 
| 213|0x000000008d500000, 0x000000008d500000, 0x000000008d600000|  0%| F|  |TAMS 0x000000008d500000, 0x000000008d500000| Untracked 
| 214|0x000000008d600000, 0x000000008d600000, 0x000000008d700000|  0%| F|  |TAMS 0x000000008d600000, 0x000000008d600000| Untracked 
| 215|0x000000008d700000, 0x000000008d700000, 0x000000008d800000|  0%| F|  |TAMS 0x000000008d700000, 0x000000008d700000| Untracked 
| 216|0x000000008d800000, 0x000000008d800000, 0x000000008d900000|  0%| F|  |TAMS 0x000000008d800000, 0x000000008d800000| Untracked 
| 217|0x000000008d900000, 0x000000008d900000, 0x000000008da00000|  0%| F|  |TAMS 0x000000008d900000, 0x000000008d900000| Untracked 
| 218|0x000000008da00000, 0x000000008da00000, 0x000000008db00000|  0%| F|  |TAMS 0x000000008da00000, 0x000000008da00000| Untracked 
| 219|0x000000008db00000, 0x000000008db00000, 0x000000008dc00000|  0%| F|  |TAMS 0x000000008db00000, 0x000000008db00000| Untracked 
| 220|0x000000008dc00000, 0x000000008dc00000, 0x000000008dd00000|  0%| F|  |TAMS 0x000000008dc00000, 0x000000008dc00000| Untracked 
| 221|0x000000008dd00000, 0x000000008dd00000, 0x000000008de00000|  0%| F|  |TAMS 0x000000008dd00000, 0x000000008dd00000| Untracked 
| 222|0x000000008de00000, 0x000000008de00000, 0x000000008df00000|  0%| F|  |TAMS 0x000000008de00000, 0x000000008de00000| Untracked 
| 223|0x000000008df00000, 0x000000008df00000, 0x000000008e000000|  0%| F|  |TAMS 0x000000008df00000, 0x000000008df00000| Untracked 
| 224|0x000000008e000000, 0x000000008e000000, 0x000000008e100000|  0%| F|  |TAMS 0x000000008e000000, 0x000000008e000000| Untracked 
| 225|0x000000008e100000, 0x000000008e100000, 0x000000008e200000|  0%| F|  |TAMS 0x000000008e100000, 0x000000008e100000| Untracked 
| 226|0x000000008e200000, 0x000000008e200000, 0x000000008e300000|  0%| F|  |TAMS 0x000000008e200000, 0x000000008e200000| Untracked 
| 227|0x000000008e300000, 0x000000008e300000, 0x000000008e400000|  0%| F|  |TAMS 0x000000008e300000, 0x000000008e300000| Untracked 
| 228|0x000000008e400000, 0x000000008e400000, 0x000000008e500000|  0%| F|  |TAMS 0x000000008e400000, 0x000000008e400000| Untracked 
| 229|0x000000008e500000, 0x000000008e500000, 0x000000008e600000|  0%| F|  |TAMS 0x000000008e500000, 0x000000008e500000| Untracked 
| 230|0x000000008e600000, 0x000000008e600000, 0x000000008e700000|  0%| F|  |TAMS 0x000000008e600000, 0x000000008e600000| Untracked 
| 231|0x000000008e700000, 0x000000008e700000, 0x000000008e800000|  0%| F|  |TAMS 0x000000008e700000, 0x000000008e700000| Untracked 
| 232|0x000000008e800000, 0x000000008e800000, 0x000000008e900000|  0%| F|  |TAMS 0x000000008e800000, 0x000000008e800000| Untracked 
| 233|0x000000008e900000, 0x000000008e900000, 0x000000008ea00000|  0%| F|  |TAMS 0x000000008e900000, 0x000000008e900000| Untracked 
| 234|0x000000008ea00000, 0x000000008ea00000, 0x000000008eb00000|  0%| F|  |TAMS 0x000000008ea00000, 0x000000008ea00000| Untracked 
| 235|0x000000008eb00000, 0x000000008eb00000, 0x000000008ec00000|  0%| F|  |TAMS 0x000000008eb00000, 0x000000008eb00000| Untracked 
| 236|0x000000008ec00000, 0x000000008ec00000, 0x000000008ed00000|  0%| F|  |TAMS 0x000000008ec00000, 0x000000008ec00000| Untracked 
| 237|0x000000008ed00000, 0x000000008ed00000, 0x000000008ee00000|  0%| F|  |TAMS 0x000000008ed00000, 0x000000008ed00000| Untracked 
| 238|0x000000008ee00000, 0x000000008ee00000, 0x000000008ef00000|  0%| F|  |TAMS 0x000000008ee00000, 0x000000008ee00000| Untracked 
| 239|0x000000008ef00000, 0x000000008ef00000, 0x000000008f000000|  0%| F|  |TAMS 0x000000008ef00000, 0x000000008ef00000| Untracked 
| 240|0x000000008f000000, 0x000000008f000000, 0x000000008f100000|  0%| F|  |TAMS 0x000000008f000000, 0x000000008f000000| Untracked 
| 241|0x000000008f100000, 0x000000008f100000, 0x000000008f200000|  0%| F|  |TAMS 0x000000008f100000, 0x000000008f100000| Untracked 
| 242|0x000000008f200000, 0x000000008f200000, 0x000000008f300000|  0%| F|  |TAMS 0x000000008f200000, 0x000000008f200000| Untracked 
| 243|0x000000008f300000, 0x000000008f300000, 0x000000008f400000|  0%| F|  |TAMS 0x000000008f300000, 0x000000008f300000| Untracked 
| 244|0x000000008f400000, 0x000000008f400000, 0x000000008f500000|  0%| F|  |TAMS 0x000000008f400000, 0x000000008f400000| Untracked 
| 245|0x000000008f500000, 0x000000008f500000, 0x000000008f600000|  0%| F|  |TAMS 0x000000008f500000, 0x000000008f500000| Untracked 
| 246|0x000000008f600000, 0x000000008f600000, 0x000000008f700000|  0%| F|  |TAMS 0x000000008f600000, 0x000000008f600000| Untracked 
| 247|0x000000008f700000, 0x000000008f700000, 0x000000008f800000|  0%| F|  |TAMS 0x000000008f700000, 0x000000008f700000| Untracked 
| 248|0x000000008f800000, 0x000000008f800000, 0x000000008f900000|  0%| F|  |TAMS 0x000000008f800000, 0x000000008f800000| Untracked 
| 249|0x000000008f900000, 0x000000008f900000, 0x000000008fa00000|  0%| F|  |TAMS 0x000000008f900000, 0x000000008f900000| Untracked 
| 250|0x000000008fa00000, 0x000000008fa00000, 0x000000008fb00000|  0%| F|  |TAMS 0x000000008fa00000, 0x000000008fa00000| Untracked 
| 251|0x000000008fb00000, 0x000000008fb00000, 0x000000008fc00000|  0%| F|  |TAMS 0x000000008fb00000, 0x000000008fb00000| Untracked 
| 252|0x000000008fc00000, 0x000000008fc00000, 0x000000008fd00000|  0%| F|  |TAMS 0x000000008fc00000, 0x000000008fc00000| Untracked 
| 253|0x000000008fd00000, 0x000000008fd00000, 0x000000008fe00000|  0%| F|  |TAMS 0x000000008fd00000, 0x000000008fd00000| Untracked 
| 254|0x000000008fe00000, 0x000000008fe00000, 0x000000008ff00000|  0%| F|  |TAMS 0x000000008fe00000, 0x000000008fe00000| Untracked 
| 255|0x000000008ff00000, 0x000000008ff00000, 0x0000000090000000|  0%| F|  |TAMS 0x000000008ff00000, 0x000000008ff00000| Untracked 
| 256|0x0000000090000000, 0x0000000090000000, 0x0000000090100000|  0%| F|  |TAMS 0x0000000090000000, 0x0000000090000000| Untracked 
| 257|0x0000000090100000, 0x0000000090100000, 0x0000000090200000|  0%| F|  |TAMS 0x0000000090100000, 0x0000000090100000| Untracked 
| 258|0x0000000090200000, 0x0000000090200000, 0x0000000090300000|  0%| F|  |TAMS 0x0000000090200000, 0x0000000090200000| Untracked 
| 259|0x0000000090300000, 0x0000000090300000, 0x0000000090400000|  0%| F|  |TAMS 0x0000000090300000, 0x0000000090300000| Untracked 
| 260|0x0000000090400000, 0x0000000090400000, 0x0000000090500000|  0%| F|  |TAMS 0x0000000090400000, 0x0000000090400000| Untracked 
| 261|0x0000000090500000, 0x0000000090500000, 0x0000000090600000|  0%| F|  |TAMS 0x0000000090500000, 0x0000000090500000| Untracked 
| 262|0x0000000090600000, 0x0000000090600000, 0x0000000090700000|  0%| F|  |TAMS 0x0000000090600000, 0x0000000090600000| Untracked 
| 263|0x0000000090700000, 0x0000000090700000, 0x0000000090800000|  0%| F|  |TAMS 0x0000000090700000, 0x0000000090700000| Untracked 
| 264|0x0000000090800000, 0x0000000090800000, 0x0000000090900000|  0%| F|  |TAMS 0x0000000090800000, 0x0000000090800000| Untracked 
| 265|0x0000000090900000, 0x0000000090900000, 0x0000000090a00000|  0%| F|  |TAMS 0x0000000090900000, 0x0000000090900000| Untracked 
| 266|0x0000000090a00000, 0x0000000090a00000, 0x0000000090b00000|  0%| F|  |TAMS 0x0000000090a00000, 0x0000000090a00000| Untracked 
| 267|0x0000000090b00000, 0x0000000090b00000, 0x0000000090c00000|  0%| F|  |TAMS 0x0000000090b00000, 0x0000000090b00000| Untracked 
| 268|0x0000000090c00000, 0x0000000090c00000, 0x0000000090d00000|  0%| F|  |TAMS 0x0000000090c00000, 0x0000000090c00000| Untracked 
| 269|0x0000000090d00000, 0x0000000090d00000, 0x0000000090e00000|  0%| F|  |TAMS 0x0000000090d00000, 0x0000000090d00000| Untracked 
| 270|0x0000000090e00000, 0x0000000090e00000, 0x0000000090f00000|  0%| F|  |TAMS 0x0000000090e00000, 0x0000000090e00000| Untracked 
| 271|0x0000000090f00000, 0x0000000090f00000, 0x0000000091000000|  0%| F|  |TAMS 0x0000000090f00000, 0x0000000090f00000| Untracked 
| 272|0x0000000091000000, 0x0000000091000000, 0x0000000091100000|  0%| F|  |TAMS 0x0000000091000000, 0x0000000091000000| Untracked 
| 273|0x0000000091100000, 0x0000000091100000, 0x0000000091200000|  0%| F|  |TAMS 0x0000000091100000, 0x0000000091100000| Untracked 
| 274|0x0000000091200000, 0x0000000091200000, 0x0000000091300000|  0%| F|  |TAMS 0x0000000091200000, 0x0000000091200000| Untracked 
| 275|0x0000000091300000, 0x0000000091300000, 0x0000000091400000|  0%| F|  |TAMS 0x0000000091300000, 0x0000000091300000| Untracked 
| 276|0x0000000091400000, 0x0000000091400000, 0x0000000091500000|  0%| F|  |TAMS 0x0000000091400000, 0x0000000091400000| Untracked 
| 277|0x0000000091500000, 0x0000000091500000, 0x0000000091600000|  0%| F|  |TAMS 0x0000000091500000, 0x0000000091500000| Untracked 
| 278|0x0000000091600000, 0x0000000091600000, 0x0000000091700000|  0%| F|  |TAMS 0x0000000091600000, 0x0000000091600000| Untracked 
| 279|0x0000000091700000, 0x0000000091700000, 0x0000000091800000|  0%| F|  |TAMS 0x0000000091700000, 0x0000000091700000| Untracked 
| 280|0x0000000091800000, 0x0000000091800000, 0x0000000091900000|  0%| F|  |TAMS 0x0000000091800000, 0x0000000091800000| Untracked 
| 281|0x0000000091900000, 0x0000000091900000, 0x0000000091a00000|  0%| F|  |TAMS 0x0000000091900000, 0x0000000091900000| Untracked 
| 282|0x0000000091a00000, 0x0000000091a00000, 0x0000000091b00000|  0%| F|  |TAMS 0x0000000091a00000, 0x0000000091a00000| Untracked 
| 283|0x0000000091b00000, 0x0000000091b00000, 0x0000000091c00000|  0%| F|  |TAMS 0x0000000091b00000, 0x0000000091b00000| Untracked 
| 284|0x0000000091c00000, 0x0000000091c00000, 0x0000000091d00000|  0%| F|  |TAMS 0x0000000091c00000, 0x0000000091c00000| Untracked 
| 285|0x0000000091d00000, 0x0000000091d00000, 0x0000000091e00000|  0%| F|  |TAMS 0x0000000091d00000, 0x0000000091d00000| Untracked 
| 286|0x0000000091e00000, 0x0000000091e00000, 0x0000000091f00000|  0%| F|  |TAMS 0x0000000091e00000, 0x0000000091e00000| Untracked 
| 287|0x0000000091f00000, 0x0000000091f00000, 0x0000000092000000|  0%| F|  |TAMS 0x0000000091f00000, 0x0000000091f00000| Untracked 
| 288|0x0000000092000000, 0x0000000092000000, 0x0000000092100000|  0%| F|  |TAMS 0x0000000092000000, 0x0000000092000000| Untracked 
| 289|0x0000000092100000, 0x0000000092100000, 0x0000000092200000|  0%| F|  |TAMS 0x0000000092100000, 0x0000000092100000| Untracked 
| 290|0x0000000092200000, 0x0000000092200000, 0x0000000092300000|  0%| F|  |TAMS 0x0000000092200000, 0x0000000092200000| Untracked 
| 291|0x0000000092300000, 0x000000009237c538, 0x0000000092400000| 48%| E|  |TAMS 0x0000000092300000, 0x0000000092300000| Complete 
| 292|0x0000000092400000, 0x0000000092500000, 0x0000000092500000|100%| E|CS|TAMS 0x0000000092400000, 0x0000000092400000| Complete 
| 293|0x0000000092500000, 0x0000000092600000, 0x0000000092600000|100%| E|CS|TAMS 0x0000000092500000, 0x0000000092500000| Complete 
| 294|0x0000000092600000, 0x0000000092700000, 0x0000000092700000|100%| E|CS|TAMS 0x0000000092600000, 0x0000000092600000| Complete 
| 295|0x0000000092700000, 0x0000000092800000, 0x0000000092800000|100%| E|CS|TAMS 0x0000000092700000, 0x0000000092700000| Complete 
| 296|0x0000000092800000, 0x0000000092900000, 0x0000000092900000|100%| E|CS|TAMS 0x0000000092800000, 0x0000000092800000| Complete 
| 297|0x0000000092900000, 0x0000000092a00000, 0x0000000092a00000|100%| E|CS|TAMS 0x0000000092900000, 0x0000000092900000| Complete 
| 298|0x0000000092a00000, 0x0000000092b00000, 0x0000000092b00000|100%| E|CS|TAMS 0x0000000092a00000, 0x0000000092a00000| Complete 
| 299|0x0000000092b00000, 0x0000000092c00000, 0x0000000092c00000|100%| E|CS|TAMS 0x0000000092b00000, 0x0000000092b00000| Complete 
| 300|0x0000000092c00000, 0x0000000092d00000, 0x0000000092d00000|100%| E|CS|TAMS 0x0000000092c00000, 0x0000000092c00000| Complete 
| 301|0x0000000092d00000, 0x0000000092e00000, 0x0000000092e00000|100%| E|CS|TAMS 0x0000000092d00000, 0x0000000092d00000| Complete 
| 302|0x0000000092e00000, 0x0000000092f00000, 0x0000000092f00000|100%| E|CS|TAMS 0x0000000092e00000, 0x0000000092e00000| Complete 
| 303|0x0000000092f00000, 0x0000000093000000, 0x0000000093000000|100%| E|CS|TAMS 0x0000000092f00000, 0x0000000092f00000| Complete 
| 304|0x0000000093000000, 0x0000000093100000, 0x0000000093100000|100%| E|CS|TAMS 0x0000000093000000, 0x0000000093000000| Complete 
| 305|0x0000000093100000, 0x0000000093200000, 0x0000000093200000|100%| E|  |TAMS 0x0000000093100000, 0x0000000093100000| Complete 
| 306|0x0000000093200000, 0x0000000093300000, 0x0000000093300000|100%| E|CS|TAMS 0x0000000093200000, 0x0000000093200000| Complete 
| 307|0x0000000093300000, 0x0000000093400000, 0x0000000093400000|100%| E|CS|TAMS 0x0000000093300000, 0x0000000093300000| Complete 
| 308|0x0000000093400000, 0x0000000093500000, 0x0000000093500000|100%| E|CS|TAMS 0x0000000093400000, 0x0000000093400000| Complete 
| 309|0x0000000093500000, 0x0000000093600000, 0x0000000093600000|100%| E|CS|TAMS 0x0000000093500000, 0x0000000093500000| Complete 
| 310|0x0000000093600000, 0x0000000093700000, 0x0000000093700000|100%| E|CS|TAMS 0x0000000093600000, 0x0000000093600000| Complete 
| 311|0x0000000093700000, 0x0000000093800000, 0x0000000093800000|100%| E|CS|TAMS 0x0000000093700000, 0x0000000093700000| Complete 
| 312|0x0000000093800000, 0x0000000093900000, 0x0000000093900000|100%| E|CS|TAMS 0x0000000093800000, 0x0000000093800000| Complete 
| 313|0x0000000093900000, 0x0000000093a00000, 0x0000000093a00000|100%| E|CS|TAMS 0x0000000093900000, 0x0000000093900000| Complete 
| 314|0x0000000093a00000, 0x0000000093b00000, 0x0000000093b00000|100%| E|CS|TAMS 0x0000000093a00000, 0x0000000093a00000| Complete 
| 315|0x0000000093b00000, 0x0000000093c00000, 0x0000000093c00000|100%| E|CS|TAMS 0x0000000093b00000, 0x0000000093b00000| Complete 
| 316|0x0000000093c00000, 0x0000000093d00000, 0x0000000093d00000|100%| E|CS|TAMS 0x0000000093c00000, 0x0000000093c00000| Complete 
| 317|0x0000000093d00000, 0x0000000093e00000, 0x0000000093e00000|100%| E|CS|TAMS 0x0000000093d00000, 0x0000000093d00000| Complete 
| 318|0x0000000093e00000, 0x0000000093f00000, 0x0000000093f00000|100%| E|CS|TAMS 0x0000000093e00000, 0x0000000093e00000| Complete 
| 319|0x0000000093f00000, 0x0000000094000000, 0x0000000094000000|100%| E|CS|TAMS 0x0000000093f00000, 0x0000000093f00000| Complete 
| 320|0x0000000094000000, 0x0000000094100000, 0x0000000094100000|100%| E|CS|TAMS 0x0000000094000000, 0x0000000094000000| Complete 
| 321|0x0000000094100000, 0x0000000094200000, 0x0000000094200000|100%| E|CS|TAMS 0x0000000094100000, 0x0000000094100000| Complete 
| 322|0x0000000094200000, 0x0000000094300000, 0x0000000094300000|100%| E|CS|TAMS 0x0000000094200000, 0x0000000094200000| Complete 
| 323|0x0000000094300000, 0x0000000094400000, 0x0000000094400000|100%| E|CS|TAMS 0x0000000094300000, 0x0000000094300000| Complete 
| 324|0x0000000094400000, 0x0000000094500000, 0x0000000094500000|100%| E|CS|TAMS 0x0000000094400000, 0x0000000094400000| Complete 
| 325|0x0000000094500000, 0x0000000094600000, 0x0000000094600000|100%| E|CS|TAMS 0x0000000094500000, 0x0000000094500000| Complete 
| 326|0x0000000094600000, 0x0000000094700000, 0x0000000094700000|100%| E|CS|TAMS 0x0000000094600000, 0x0000000094600000| Complete 
| 327|0x0000000094700000, 0x0000000094800000, 0x0000000094800000|100%| E|CS|TAMS 0x0000000094700000, 0x0000000094700000| Complete 
| 328|0x0000000094800000, 0x0000000094900000, 0x0000000094900000|100%| E|CS|TAMS 0x0000000094800000, 0x0000000094800000| Complete 
| 329|0x0000000094900000, 0x0000000094a00000, 0x0000000094a00000|100%| E|CS|TAMS 0x0000000094900000, 0x0000000094900000| Complete 
| 330|0x0000000094a00000, 0x0000000094b00000, 0x0000000094b00000|100%| E|CS|TAMS 0x0000000094a00000, 0x0000000094a00000| Complete 
| 331|0x0000000094b00000, 0x0000000094c00000, 0x0000000094c00000|100%| E|CS|TAMS 0x0000000094b00000, 0x0000000094b00000| Complete 
| 332|0x0000000094c00000, 0x0000000094d00000, 0x0000000094d00000|100%| E|CS|TAMS 0x0000000094c00000, 0x0000000094c00000| Complete 
| 333|0x0000000094d00000, 0x0000000094e00000, 0x0000000094e00000|100%| E|CS|TAMS 0x0000000094d00000, 0x0000000094d00000| Complete 
| 334|0x0000000094e00000, 0x0000000094f00000, 0x0000000094f00000|100%| E|CS|TAMS 0x0000000094e00000, 0x0000000094e00000| Complete 
| 335|0x0000000094f00000, 0x0000000095000000, 0x0000000095000000|100%| E|CS|TAMS 0x0000000094f00000, 0x0000000094f00000| Complete 
| 336|0x0000000095000000, 0x0000000095100000, 0x0000000095100000|100%| E|CS|TAMS 0x0000000095000000, 0x0000000095000000| Complete 
| 337|0x0000000095100000, 0x0000000095200000, 0x0000000095200000|100%| E|CS|TAMS 0x0000000095100000, 0x0000000095100000| Complete 
| 338|0x0000000095200000, 0x0000000095300000, 0x0000000095300000|100%| E|CS|TAMS 0x0000000095200000, 0x0000000095200000| Complete 
| 339|0x0000000095300000, 0x0000000095400000, 0x0000000095400000|100%| E|CS|TAMS 0x0000000095300000, 0x0000000095300000| Complete 
| 340|0x0000000095400000, 0x0000000095500000, 0x0000000095500000|100%| E|CS|TAMS 0x0000000095400000, 0x0000000095400000| Complete 
| 341|0x0000000095500000, 0x0000000095600000, 0x0000000095600000|100%| E|CS|TAMS 0x0000000095500000, 0x0000000095500000| Complete 
| 342|0x0000000095600000, 0x0000000095700000, 0x0000000095700000|100%| E|CS|TAMS 0x0000000095600000, 0x0000000095600000| Complete 
| 343|0x0000000095700000, 0x0000000095800000, 0x0000000095800000|100%| E|CS|TAMS 0x0000000095700000, 0x0000000095700000| Complete 
| 344|0x0000000095800000, 0x0000000095900000, 0x0000000095900000|100%| E|CS|TAMS 0x0000000095800000, 0x0000000095800000| Complete 
| 345|0x0000000095900000, 0x0000000095a00000, 0x0000000095a00000|100%| E|CS|TAMS 0x0000000095900000, 0x0000000095900000| Complete 
| 346|0x0000000095a00000, 0x0000000095b00000, 0x0000000095b00000|100%| E|CS|TAMS 0x0000000095a00000, 0x0000000095a00000| Complete 
| 347|0x0000000095b00000, 0x0000000095c00000, 0x0000000095c00000|100%| E|CS|TAMS 0x0000000095b00000, 0x0000000095b00000| Complete 
| 348|0x0000000095c00000, 0x0000000095d00000, 0x0000000095d00000|100%| E|CS|TAMS 0x0000000095c00000, 0x0000000095c00000| Complete 
| 349|0x0000000095d00000, 0x0000000095e00000, 0x0000000095e00000|100%| E|CS|TAMS 0x0000000095d00000, 0x0000000095d00000| Complete 
| 350|0x0000000095e00000, 0x0000000095f00000, 0x0000000095f00000|100%| E|CS|TAMS 0x0000000095e00000, 0x0000000095e00000| Complete 
| 351|0x0000000095f00000, 0x0000000096000000, 0x0000000096000000|100%| E|CS|TAMS 0x0000000095f00000, 0x0000000095f00000| Complete 
| 352|0x0000000096000000, 0x0000000096100000, 0x0000000096100000|100%| E|CS|TAMS 0x0000000096000000, 0x0000000096000000| Complete 
| 353|0x0000000096100000, 0x0000000096200000, 0x0000000096200000|100%| E|CS|TAMS 0x0000000096100000, 0x0000000096100000| Complete 
| 354|0x0000000096200000, 0x0000000096300000, 0x0000000096300000|100%| E|CS|TAMS 0x0000000096200000, 0x0000000096200000| Complete 
| 355|0x0000000096300000, 0x0000000096400000, 0x0000000096400000|100%| E|CS|TAMS 0x0000000096300000, 0x0000000096300000| Complete 
| 356|0x0000000096400000, 0x0000000096500000, 0x0000000096500000|100%| E|CS|TAMS 0x0000000096400000, 0x0000000096400000| Complete 
| 357|0x0000000096500000, 0x0000000096600000, 0x0000000096600000|100%| E|CS|TAMS 0x0000000096500000, 0x0000000096500000| Complete 
| 358|0x0000000096600000, 0x0000000096700000, 0x0000000096700000|100%| E|CS|TAMS 0x0000000096600000, 0x0000000096600000| Complete 
| 359|0x0000000096700000, 0x0000000096800000, 0x0000000096800000|100%| E|CS|TAMS 0x0000000096700000, 0x0000000096700000| Complete 
| 360|0x0000000096800000, 0x0000000096900000, 0x0000000096900000|100%| E|CS|TAMS 0x0000000096800000, 0x0000000096800000| Complete 
| 361|0x0000000096900000, 0x0000000096a00000, 0x0000000096a00000|100%| E|CS|TAMS 0x0000000096900000, 0x0000000096900000| Complete 
| 362|0x0000000096a00000, 0x0000000096b00000, 0x0000000096b00000|100%| E|CS|TAMS 0x0000000096a00000, 0x0000000096a00000| Complete 
| 363|0x0000000096b00000, 0x0000000096c00000, 0x0000000096c00000|100%| E|CS|TAMS 0x0000000096b00000, 0x0000000096b00000| Complete 
| 364|0x0000000096c00000, 0x0000000096d00000, 0x0000000096d00000|100%| E|CS|TAMS 0x0000000096c00000, 0x0000000096c00000| Complete 
| 365|0x0000000096d00000, 0x0000000096e00000, 0x0000000096e00000|100%| E|CS|TAMS 0x0000000096d00000, 0x0000000096d00000| Complete 
| 366|0x0000000096e00000, 0x0000000096f00000, 0x0000000096f00000|100%| E|CS|TAMS 0x0000000096e00000, 0x0000000096e00000| Complete 
| 367|0x0000000096f00000, 0x0000000097000000, 0x0000000097000000|100%| E|CS|TAMS 0x0000000096f00000, 0x0000000096f00000| Complete 
| 368|0x0000000097000000, 0x0000000097100000, 0x0000000097100000|100%| E|CS|TAMS 0x0000000097000000, 0x0000000097000000| Complete 
| 369|0x0000000097100000, 0x0000000097200000, 0x0000000097200000|100%| E|CS|TAMS 0x0000000097100000, 0x0000000097100000| Complete 
| 370|0x0000000097200000, 0x0000000097300000, 0x0000000097300000|100%| E|CS|TAMS 0x0000000097200000, 0x0000000097200000| Complete 
| 371|0x0000000097300000, 0x0000000097400000, 0x0000000097400000|100%| E|CS|TAMS 0x0000000097300000, 0x0000000097300000| Complete 
| 372|0x0000000097400000, 0x0000000097500000, 0x0000000097500000|100%| E|CS|TAMS 0x0000000097400000, 0x0000000097400000| Complete 
| 373|0x0000000097500000, 0x0000000097600000, 0x0000000097600000|100%| E|CS|TAMS 0x0000000097500000, 0x0000000097500000| Complete 
| 374|0x0000000097600000, 0x0000000097700000, 0x0000000097700000|100%| E|CS|TAMS 0x0000000097600000, 0x0000000097600000| Complete 
| 375|0x0000000097700000, 0x0000000097800000, 0x0000000097800000|100%| E|CS|TAMS 0x0000000097700000, 0x0000000097700000| Complete 
| 376|0x0000000097800000, 0x0000000097900000, 0x0000000097900000|100%| E|CS|TAMS 0x0000000097800000, 0x0000000097800000| Complete 
| 377|0x0000000097900000, 0x0000000097a00000, 0x0000000097a00000|100%| E|CS|TAMS 0x0000000097900000, 0x0000000097900000| Complete 
| 378|0x0000000097a00000, 0x0000000097b00000, 0x0000000097b00000|100%| E|CS|TAMS 0x0000000097a00000, 0x0000000097a00000| Complete 
| 379|0x0000000097b00000, 0x0000000097c00000, 0x0000000097c00000|100%| E|CS|TAMS 0x0000000097b00000, 0x0000000097b00000| Complete 
| 380|0x0000000097c00000, 0x0000000097d00000, 0x0000000097d00000|100%| E|CS|TAMS 0x0000000097c00000, 0x0000000097c00000| Complete 
| 381|0x0000000097d00000, 0x0000000097e00000, 0x0000000097e00000|100%| E|CS|TAMS 0x0000000097d00000, 0x0000000097d00000| Complete 
| 382|0x0000000097e00000, 0x0000000097f00000, 0x0000000097f00000|100%| E|CS|TAMS 0x0000000097e00000, 0x0000000097e00000| Complete 
| 383|0x0000000097f00000, 0x0000000098000000, 0x0000000098000000|100%| E|CS|TAMS 0x0000000097f00000, 0x0000000097f00000| Complete 
| 384|0x0000000098000000, 0x0000000098100000, 0x0000000098100000|100%| E|CS|TAMS 0x0000000098000000, 0x0000000098000000| Complete 
| 385|0x0000000098100000, 0x0000000098200000, 0x0000000098200000|100%| E|CS|TAMS 0x0000000098100000, 0x0000000098100000| Complete 
| 386|0x0000000098200000, 0x0000000098300000, 0x0000000098300000|100%| E|CS|TAMS 0x0000000098200000, 0x0000000098200000| Complete 
| 387|0x0000000098300000, 0x0000000098400000, 0x0000000098400000|100%| E|CS|TAMS 0x0000000098300000, 0x0000000098300000| Complete 
| 388|0x0000000098400000, 0x0000000098500000, 0x0000000098500000|100%| E|CS|TAMS 0x0000000098400000, 0x0000000098400000| Complete 
| 436|0x000000009b400000, 0x000000009b500000, 0x000000009b500000|100%| E|CS|TAMS 0x000000009b400000, 0x000000009b400000| Complete 
| 437|0x000000009b500000, 0x000000009b600000, 0x000000009b600000|100%| E|CS|TAMS 0x000000009b500000, 0x000000009b500000| Complete 
| 438|0x000000009b600000, 0x000000009b700000, 0x000000009b700000|100%| E|CS|TAMS 0x000000009b600000, 0x000000009b600000| Complete 
| 439|0x000000009b700000, 0x000000009b800000, 0x000000009b800000|100%| E|CS|TAMS 0x000000009b700000, 0x000000009b700000| Complete 
| 440|0x000000009b800000, 0x000000009b900000, 0x000000009b900000|100%| E|CS|TAMS 0x000000009b800000, 0x000000009b800000| Complete 
| 441|0x000000009b900000, 0x000000009ba00000, 0x000000009ba00000|100%| E|CS|TAMS 0x000000009b900000, 0x000000009b900000| Complete 
| 442|0x000000009ba00000, 0x000000009bb00000, 0x000000009bb00000|100%| E|CS|TAMS 0x000000009ba00000, 0x000000009ba00000| Complete 
| 443|0x000000009bb00000, 0x000000009bc00000, 0x000000009bc00000|100%| E|CS|TAMS 0x000000009bb00000, 0x000000009bb00000| Complete 
| 444|0x000000009bc00000, 0x000000009bd00000, 0x000000009bd00000|100%| E|CS|TAMS 0x000000009bc00000, 0x000000009bc00000| Complete 
| 445|0x000000009bd00000, 0x000000009be00000, 0x000000009be00000|100%| E|CS|TAMS 0x000000009bd00000, 0x000000009bd00000| Complete 
| 446|0x000000009be00000, 0x000000009bf00000, 0x000000009bf00000|100%| E|CS|TAMS 0x000000009be00000, 0x000000009be00000| Complete 

Card table byte_map: [0x000001ef51390000,0x000001ef51790000] _byte_map_base: 0x000001ef50f90000

Marking Bits (Prev, Next): (CMBitMap*) 0x000001ef3a72e510, (CMBitMap*) 0x000001ef3a72e550
 Prev Bits: [0x000001ef51b90000, 0x000001ef53b90000)
 Next Bits: [0x000001ef53b90000, 0x000001ef55b90000)

Polling page: 0x000001ef38570000

Metaspace:

Usage:
  Non-class:     71.97 MB used.
      Class:     11.44 MB used.
       Both:     83.41 MB used.

Virtual space:
  Non-class space:      128.00 MB reserved,      72.38 MB ( 57%) committed,  2 nodes.
      Class space:        1.00 GB reserved,      11.81 MB (  1%) committed,  1 nodes.
             Both:        1.12 GB reserved,      84.19 MB (  7%) committed. 

Chunk freelists:
   Non-Class:  7.39 MB
       Class:  4.00 MB
        Both:  11.39 MB

MaxMetaspaceSize: unlimited
CompressedClassSpaceSize: 1.00 GB
Initial GC threshold: 21.00 MB
Current GC threshold: 135.62 MB
CDS: on
MetaspaceReclaimPolicy: balanced
 - commit_granule_bytes: 65536.
 - commit_granule_words: 8192.
 - virtual_space_node_default_size: 8388608.
 - enlarge_chunks_in_place: 1.
 - new_chunks_are_fully_committed: 0.
 - uncommit_free_chunks: 1.
 - use_allocation_guard: 0.
 - handle_deallocations: 1.


Internal statistics:

num_allocs_failed_limit: 6.
num_arena_births: 938.
num_arena_deaths: 8.
num_vsnodes_births: 3.
num_vsnodes_deaths: 0.
num_space_committed: 1347.
num_space_uncommitted: 0.
num_chunks_returned_to_freelist: 15.
num_chunks_taken_from_freelist: 4486.
num_chunk_merges: 8.
num_chunk_splits: 2907.
num_chunks_enlarged: 1871.
num_inconsistent_stats: 0.

CodeHeap 'non-profiled nmethods': size=120000Kb used=7897Kb max_used=7897Kb free=112102Kb
 bounds [0x000001ef49a60000, 0x000001ef4a220000, 0x000001ef50f90000]
CodeHeap 'profiled nmethods': size=120000Kb used=23271Kb max_used=23271Kb free=96728Kb
 bounds [0x000001ef41f90000, 0x000001ef43650000, 0x000001ef494c0000]
CodeHeap 'non-nmethods': size=5760Kb used=2421Kb max_used=2480Kb free=3338Kb
 bounds [0x000001ef494c0000, 0x000001ef49740000, 0x000001ef49a60000]
 total_blobs=12757 nmethods=11809 adapters=860
 compilation: enabled
              stopped_count=0, restarted_count=0
 full_count=0

Compilation events (20 events):
Event: 17.192 Thread 0x000001ef5809e400 nmethod 13313 0x000001ef4a209190 code [0x000001ef4a2094a0, 0x000001ef4a20ab98]
Event: 17.195 Thread 0x000001ef5809e400 13318       4       java.util.ArrayDeque::iterator (9 bytes)
Event: 17.196 Thread 0x000001ef5809e400 nmethod 13318 0x000001ef4a20bc10 code [0x000001ef4a20bda0, 0x000001ef4a20bed8]
Event: 17.196 Thread 0x000001ef5809e400 13319       4       com.google.common.cache.AbstractCache$SimpleStatsCounter::recordMisses (12 bytes)
Event: 17.196 Thread 0x000001ef9e483100 nmethod 13317 0x000001ef4a20c010 code [0x000001ef4a20c200, 0x000001ef4a20cb08]
Event: 17.202 Thread 0x000001ef5809e400 nmethod 13319 0x000001ef4a20d310 code [0x000001ef4a20d4e0, 0x000001ef4a20d908]
Event: 17.208 Thread 0x000001ef5809e400 13320       4       org.gradle.api.internal.file.AbstractOpaqueFileCollection::iterator (10 bytes)
Event: 17.212 Thread 0x000001ef580b0df0 13321   !   3       java.util.concurrent.ConcurrentHashMap::transfer (849 bytes)
Event: 17.214 Thread 0x000001ef580b0df0 nmethod 13321 0x000001ef43645890 code [0x000001ef43645ce0, 0x000001ef436484b8]
Event: 17.215 Thread 0x000001ef5809e400 nmethod 13320 0x000001ef4a20de10 code [0x000001ef4a20dfe0, 0x000001ef4a20e778]
Event: 17.217 Thread 0x000001ef9e483100 13322   !   4       com.google.common.cache.LocalCache$Segment::lockedGetOrLoad (447 bytes)
Event: 17.218 Thread 0x000001ef5809e400 13323       4       org.gradle.internal.snapshot.AbstractIncompleteFileSystemNode::hasDescendants (13 bytes)
Event: 17.234 Thread 0x000001ef5809e400 nmethod 13323 0x000001ef4a20eb90 code [0x000001ef4a20edc0, 0x000001ef4a20fd78]
Event: 17.234 Thread 0x000001ef5809e400 13324       4       org.gradle.internal.snapshot.AbstractIncompleteFileSystemNode$$Lambda$922/0x000001ef5aa69898::test (10 bytes)
Event: 17.235 Thread 0x000001ef5809e400 nmethod 13324 0x000001ef4a210510 code [0x000001ef4a2106a0, 0x000001ef4a210798]
Event: 17.235 Thread 0x000001ef5809e400 13325       4       org.gradle.api.internal.file.AbstractOpaqueFileCollection::visitContents (11 bytes)
Event: 17.235 Thread 0x000001ef5809e400 nmethod 13325 0x000001ef4a210890 code [0x000001ef4a210a00, 0x000001ef4a210ab8]
Event: 17.235 Thread 0x000001ef5809e400 13326       4       java.nio.ByteBuffer::order (48 bytes)
Event: 17.236 Thread 0x000001ef5809e400 nmethod 13326 0x000001ef4a210b90 code [0x000001ef4a210d00, 0x000001ef4a210db8]
Event: 17.242 Thread 0x000001ef5809e400 13327       4       sun.nio.cs.UTF_8$Decoder::decodeArrayLoop (688 bytes)

GC Heap History (20 events):
Event: 9.506 GC heap before
{Heap before GC invocations=22 (full 0):
 garbage-first heap   total 164864K, used 121390K [0x0000000080000000, 0x0000000100000000)
  region size 1024K, 57 young (58368K), 6 survivors (6144K)
 Metaspace       used 63618K, committed 64256K, reserved 1114112K
  class space    used 8727K, committed 9024K, reserved 1048576K
}
Event: 9.519 GC heap after
{Heap after GC invocations=23 (full 0):
 garbage-first heap   total 164864K, used 72611K [0x0000000080000000, 0x0000000100000000)
  region size 1024K, 4 young (4096K), 4 survivors (4096K)
 Metaspace       used 63618K, committed 64256K, reserved 1114112K
  class space    used 8727K, committed 9024K, reserved 1048576K
}
Event: 9.942 GC heap before
{Heap before GC invocations=23 (full 0):
 garbage-first heap   total 164864K, used 124835K [0x0000000080000000, 0x0000000100000000)
  region size 1024K, 55 young (56320K), 4 survivors (4096K)
 Metaspace       used 65199K, committed 65856K, reserved 1114112K
  class space    used 8982K, committed 9280K, reserved 1048576K
}
Event: 9.955 GC heap after
{Heap after GC invocations=24 (full 0):
 garbage-first heap   total 164864K, used 76471K [0x0000000080000000, 0x0000000100000000)
  region size 1024K, 7 young (7168K), 7 survivors (7168K)
 Metaspace       used 65199K, committed 65856K, reserved 1114112K
  class space    used 8982K, committed 9280K, reserved 1048576K
}
Event: 11.184 GC heap before
{Heap before GC invocations=24 (full 0):
 garbage-first heap   total 164864K, used 127671K [0x0000000080000000, 0x0000000100000000)
  region size 1024K, 57 young (58368K), 7 survivors (7168K)
 Metaspace       used 70316K, committed 71104K, reserved 1114112K
  class space    used 9740K, committed 10112K, reserved 1048576K
}
Event: 11.196 GC heap after
{Heap after GC invocations=25 (full 0):
 garbage-first heap   total 198656K, used 80243K [0x0000000080000000, 0x0000000100000000)
  region size 1024K, 8 young (8192K), 8 survivors (8192K)
 Metaspace       used 70316K, committed 71104K, reserved 1114112K
  class space    used 9740K, committed 10112K, reserved 1048576K
}
Event: 12.349 GC heap before
{Heap before GC invocations=25 (full 0):
 garbage-first heap   total 198656K, used 151923K [0x0000000080000000, 0x0000000100000000)
  region size 1024K, 78 young (79872K), 8 survivors (8192K)
 Metaspace       used 75211K, committed 75904K, reserved 1114112K
  class space    used 10396K, committed 10688K, reserved 1048576K
}
Event: 12.362 GC heap after
{Heap after GC invocations=26 (full 0):
 garbage-first heap   total 198656K, used 87441K [0x0000000080000000, 0x0000000100000000)
  region size 1024K, 10 young (10240K), 10 survivors (10240K)
 Metaspace       used 75211K, committed 75904K, reserved 1114112K
  class space    used 10396K, committed 10688K, reserved 1048576K
}
Event: 13.469 GC heap before
{Heap before GC invocations=26 (full 0):
 garbage-first heap   total 198656K, used 155025K [0x0000000080000000, 0x0000000100000000)
  region size 1024K, 76 young (77824K), 10 survivors (10240K)
 Metaspace       used 76533K, committed 77312K, reserved 1179648K
  class space    used 10579K, committed 10944K, reserved 1048576K
}
Event: 13.488 GC heap after
{Heap after GC invocations=27 (full 0):
 garbage-first heap   total 198656K, used 94751K [0x0000000080000000, 0x0000000100000000)
  region size 1024K, 7 young (7168K), 7 survivors (7168K)
 Metaspace       used 76533K, committed 77312K, reserved 1179648K
  class space    used 10579K, committed 10944K, reserved 1048576K
}
Event: 14.092 GC heap before
{Heap before GC invocations=27 (full 0):
 garbage-first heap   total 198656K, used 156191K [0x0000000080000000, 0x0000000100000000)
  region size 1024K, 68 young (69632K), 7 survivors (7168K)
 Metaspace       used 77456K, committed 78208K, reserved 1179648K
  class space    used 10675K, committed 11008K, reserved 1048576K
}
Event: 14.103 GC heap after
{Heap after GC invocations=28 (full 0):
 garbage-first heap   total 198656K, used 100121K [0x0000000080000000, 0x0000000100000000)
  region size 1024K, 7 young (7168K), 7 survivors (7168K)
 Metaspace       used 77456K, committed 78208K, reserved 1179648K
  class space    used 10675K, committed 11008K, reserved 1048576K
}
Event: 14.575 GC heap before
{Heap before GC invocations=28 (full 0):
 garbage-first heap   total 198656K, used 157465K [0x0000000080000000, 0x0000000100000000)
  region size 1024K, 64 young (65536K), 7 survivors (7168K)
 Metaspace       used 77671K, committed 78464K, reserved 1179648K
  class space    used 10693K, committed 11072K, reserved 1048576K
}
Event: 14.586 GC heap after
{Heap after GC invocations=29 (full 0):
 garbage-first heap   total 198656K, used 104091K [0x0000000080000000, 0x0000000100000000)
  region size 1024K, 4 young (4096K), 4 survivors (4096K)
 Metaspace       used 77671K, committed 78464K, reserved 1179648K
  class space    used 10693K, committed 11072K, reserved 1048576K
}
Event: 15.157 GC heap before
{Heap before GC invocations=30 (full 0):
 garbage-first heap   total 198656K, used 159387K [0x0000000080000000, 0x0000000100000000)
  region size 1024K, 59 young (60416K), 4 survivors (4096K)
 Metaspace       used 78006K, committed 78720K, reserved 1179648K
  class space    used 10758K, committed 11072K, reserved 1048576K
}
Event: 15.165 GC heap after
{Heap after GC invocations=31 (full 0):
 garbage-first heap   total 198656K, used 108571K [0x0000000080000000, 0x0000000100000000)
  region size 1024K, 8 young (8192K), 8 survivors (8192K)
 Metaspace       used 78006K, committed 78720K, reserved 1179648K
  class space    used 10758K, committed 11072K, reserved 1048576K
}
Event: 15.170 GC heap before
{Heap before GC invocations=31 (full 0):
 garbage-first heap   total 198656K, used 109595K [0x0000000080000000, 0x0000000100000000)
  region size 1024K, 9 young (9216K), 8 survivors (8192K)
 Metaspace       used 78007K, committed 78720K, reserved 1179648K
  class space    used 10758K, committed 11072K, reserved 1048576K
}
Event: 15.178 GC heap after
{Heap after GC invocations=32 (full 0):
 garbage-first heap   total 198656K, used 109048K [0x0000000080000000, 0x0000000100000000)
  region size 1024K, 2 young (2048K), 2 survivors (2048K)
 Metaspace       used 78007K, committed 78720K, reserved 1179648K
  class space    used 10758K, committed 11072K, reserved 1048576K
}
Event: 15.805 GC heap before
{Heap before GC invocations=32 (full 0):
 garbage-first heap   total 198656K, used 161272K [0x0000000080000000, 0x0000000100000000)
  region size 1024K, 54 young (55296K), 2 survivors (2048K)
 Metaspace       used 81333K, committed 82048K, reserved 1179648K
  class space    used 11203K, committed 11520K, reserved 1048576K
}
Event: 15.811 GC heap after
{Heap after GC invocations=33 (full 0):
 garbage-first heap   total 457728K, used 110552K [0x0000000080000000, 0x0000000100000000)
  region size 1024K, 3 young (3072K), 3 survivors (3072K)
 Metaspace       used 81333K, committed 82048K, reserved 1179648K
  class space    used 11203K, committed 11520K, reserved 1048576K
}

Deoptimization events (20 events):
Event: 16.960 Thread 0x000001ef9fdf7d80 DEOPT PACKING pc=0x000001ef4363333c sp=0x000000da7a4fc8d0
Event: 16.960 Thread 0x000001ef9fdf7d80 DEOPT UNPACKING pc=0x000001ef495166e3 sp=0x000000da7a4fbe50 mode 0
Event: 16.965 Thread 0x000001ef9f70a060 Uncommon trap: trap_request=0xffffffde fr.pc=0x000001ef4a08b794 relative=0x0000000000000574
Event: 16.965 Thread 0x000001ef9f70a060 Uncommon trap: reason=class_check action=maybe_recompile pc=0x000001ef4a08b794 method=org.gradle.internal.snapshot.LargeChildMap.withNode(Lorg/gradle/internal/snapshot/VfsRelativePath;Lorg/gradle/internal/snapshot/CaseSensitivity;Lorg/gradle/internal/snap
Event: 16.965 Thread 0x000001ef9f70a060 DEOPT PACKING pc=0x000001ef4a08b794 sp=0x000000da7b1fcb00
Event: 16.965 Thread 0x000001ef9f70a060 DEOPT UNPACKING pc=0x000001ef49515ba3 sp=0x000000da7b1fcac0 mode 2
Event: 16.965 Thread 0x000001ef9f70a060 Uncommon trap: trap_request=0xffffffc6 fr.pc=0x000001ef49faebd0 relative=0x00000000000000b0
Event: 16.965 Thread 0x000001ef9f70a060 Uncommon trap: reason=bimorphic_or_optimized_type_check action=maybe_recompile pc=0x000001ef49faebd0 method=com.google.common.collect.RegularImmutableMap.checkNoConflictInKeyBucket(Ljava/lang/Object;Ljava/util/Map$Entry;Lcom/google/common/collect/Immutabl
Event: 16.965 Thread 0x000001ef9f70a060 DEOPT PACKING pc=0x000001ef49faebd0 sp=0x000000da7b1fd290
Event: 16.965 Thread 0x000001ef9f70a060 DEOPT UNPACKING pc=0x000001ef49515ba3 sp=0x000000da7b1fd238 mode 2
Event: 17.035 Thread 0x000001ef9f70a060 DEOPT PACKING pc=0x000001ef4363333c sp=0x000000da7b1fabf0
Event: 17.035 Thread 0x000001ef9f70a060 DEOPT UNPACKING pc=0x000001ef495166e3 sp=0x000000da7b1fa170 mode 0
Event: 17.093 Thread 0x000001ef9f70a060 DEOPT PACKING pc=0x000001ef4363333c sp=0x000000da7b1f96c0
Event: 17.093 Thread 0x000001ef9f70a060 DEOPT UNPACKING pc=0x000001ef495166e3 sp=0x000000da7b1f8c40 mode 0
Event: 17.153 Thread 0x000001efa2273d20 DEOPT PACKING pc=0x000001ef4363333c sp=0x000000da792fcb90
Event: 17.153 Thread 0x000001efa2273d20 DEOPT UNPACKING pc=0x000001ef495166e3 sp=0x000000da792fc110 mode 0
Event: 17.212 Thread 0x000001ef9f17fa10 Uncommon trap: trap_request=0xffffff45 fr.pc=0x000001ef49d09708 relative=0x00000000000012c8
Event: 17.212 Thread 0x000001ef9f17fa10 Uncommon trap: reason=unstable_if action=reinterpret pc=0x000001ef49d09708 method=java.util.concurrent.ConcurrentHashMap.transfer([Ljava/util/concurrent/ConcurrentHashMap$Node;[Ljava/util/concurrent/ConcurrentHashMap$Node;)V @ 347 c2
Event: 17.212 Thread 0x000001ef9f17fa10 DEOPT PACKING pc=0x000001ef49d09708 sp=0x000000da786fe4c0
Event: 17.212 Thread 0x000001ef9f17fa10 DEOPT UNPACKING pc=0x000001ef49515ba3 sp=0x000000da786fe468 mode 2

Classes unloaded (4 events):
Event: 14.739 Thread 0x000001ef58050530 Unloading class 0x000001ef5aab4400 'java/lang/invoke/LambdaForm$DMH+0x000001ef5aab4400'
Event: 14.739 Thread 0x000001ef58050530 Unloading class 0x000001ef5aa94c00 'java/lang/invoke/LambdaForm$DMH+0x000001ef5aa94c00'
Event: 14.739 Thread 0x000001ef58050530 Unloading class 0x000001ef5aa94800 'java/lang/invoke/LambdaForm$DMH+0x000001ef5aa94800'
Event: 14.739 Thread 0x000001ef58050530 Unloading class 0x000001ef5aa94400 'java/lang/invoke/LambdaForm$DMH+0x000001ef5aa94400'

Classes redefined (0 events):
No events

Internal exceptions (20 events):
Event: 12.826 Thread 0x000001ef9f181360 Exception <a 'java/lang/NoSuchMethodError'{0x000000008a9bb6c8}: 'void java.lang.invoke.DirectMethodHandle$Holder.invokeVirtual(java.lang.Object, java.lang.Object)'> (0x000000008a9bb6c8) 
thrown [s\open\src\hotspot\share\interpreter\linkResolver.cpp, line 759]
Event: 12.826 Thread 0x000001ef9f180430 Exception <a 'java/lang/NoSuchMethodError'{0x000000008a965b38}: 'void java.lang.invoke.DirectMethodHandle$Holder.invokeVirtual(java.lang.Object, java.lang.Object)'> (0x000000008a965b38) 
thrown [s\open\src\hotspot\share\interpreter\linkResolver.cpp, line 759]
Event: 13.758 Thread 0x000001ef9f70c8e0 Exception <a 'java/lang/ClassNotFoundException'{0x000000008a7eba10}: com/google/firebase/crashlytics/buildtools/android/project/XmlBuildIdReaderBeanInfo> (0x000000008a7eba10) 
thrown [s\open\src\hotspot\share\classfile\systemDictionary.cpp, line 256]
Event: 13.758 Thread 0x000001ef9f70c8e0 Exception <a 'java/lang/ClassNotFoundException'{0x000000008a7f22a0}: com/google/firebase/crashlytics/buildtools/android/project/XmlBuildIdReaderCustomizer> (0x000000008a7f22a0) 
thrown [s\open\src\hotspot\share\classfile\systemDictionary.cpp, line 256]
Event: 13.761 Thread 0x000001ef9f70c8e0 Exception <a 'java/lang/ClassNotFoundException'{0x000000008a616ee8}: com/google/firebase/crashlytics/buildtools/android/project/XmlBuildIdReader$FileXmlBuildIdReaderBeanInfo> (0x000000008a616ee8) 
thrown [s\open\src\hotspot\share\classfile\systemDictionary.cpp, line 256]
Event: 13.761 Thread 0x000001ef9f70c8e0 Exception <a 'java/lang/ClassNotFoundException'{0x000000008a61da28}: com/google/firebase/crashlytics/buildtools/android/project/XmlBuildIdReader$FileXmlBuildIdReaderCustomizer> (0x000000008a61da28) 
thrown [s\open\src\hotspot\share\classfile\systemDictionary.cpp, line 256]
Event: 13.990 Thread 0x000001ef9f70c8e0 Exception <a 'java/lang/NoSuchMethodError'{0x0000000088f7d4a0}: 'void java.lang.invoke.DirectMethodHandle$Holder.invokeInterface(java.lang.Object, java.lang.Object, java.lang.Object, java.lang.Object)'> (0x0000000088f7d4a0) 
thrown [s\open\src\hotspot\share\interpreter\linkResolver.cpp, line 759]
Event: 14.162 Thread 0x000001ef9f70c8e0 Exception <a 'java/lang/NoSuchMethodError'{0x000000008bba4ba8}: static Lcom/android/build/api/variant/BuildConfigField;.<clinit>()V> (0x000000008bba4ba8) 
thrown [s\open\src\hotspot\share\prims\jni.cpp, line 1112]
Event: 14.625 Thread 0x000001ef9f70bec0 Exception <a 'java/lang/NoSuchMethodError'{0x000000008be149e0}: static Lcom/android/build/gradle/internal/scope/InternalArtifactType;.<clinit>()V> (0x000000008be149e0) 
thrown [s\open\src\hotspot\share\prims\jni.cpp, line 1112]
Event: 14.626 Thread 0x000001ef9f70bec0 Exception <a 'java/lang/NoSuchMethodError'{0x000000008be163c8}: static Lcom/android/build/gradle/internal/scope/InternalArtifactType;.<clinit>()V> (0x000000008be163c8) 
thrown [s\open\src\hotspot\share\prims\jni.cpp, line 1112]
Event: 14.626 Thread 0x000001ef9f70bec0 Exception <a 'java/lang/NoSuchMethodError'{0x000000008be19800}: static Lcom/android/build/api/artifact/Artifact$Single;.<clinit>()V> (0x000000008be19800) 
thrown [s\open\src\hotspot\share\prims\jni.cpp, line 1112]
Event: 14.626 Thread 0x000001ef9f70bec0 Exception <a 'java/lang/NoSuchMethodError'{0x000000008be1c330}: static Ljava/lang/Object;.<clinit>()V> (0x000000008be1c330) 
thrown [s\open\src\hotspot\share\prims\jni.cpp, line 1112]
Event: 14.627 Thread 0x000001ef9f70bec0 Exception <a 'java/lang/NoSuchMethodError'{0x000000008be35e60}: static Lcom/android/build/api/artifact/ArtifactKind;.<clinit>()V> (0x000000008be35e60) 
thrown [s\open\src\hotspot\share\prims\jni.cpp, line 1112]
Event: 14.627 Thread 0x000001ef9f70bec0 Exception <a 'java/lang/NoSuchMethodError'{0x000000008be39808}: static Lcom/android/build/api/artifact/ArtifactKind;.<clinit>()V> (0x000000008be39808) 
thrown [s\open\src\hotspot\share\prims\jni.cpp, line 1112]
Event: 16.718 Thread 0x000001ef9f70bec0 Exception <a 'java/lang/NoSuchMethodError'{0x0000000095d308f0}: 'void java.lang.invoke.DirectMethodHandle$Holder.invokeSpecial(java.lang.Object, java.lang.Object, java.lang.Object, int)'> (0x0000000095d308f0) 
thrown [s\open\src\hotspot\share\interpreter\linkResolver.cpp, line 759]
Event: 16.740 Thread 0x000001ef9f70bec0 Exception <a 'java/lang/NoSuchMethodError'{0x0000000095c47298}: static [Ljava/lang/String;.<clinit>()V> (0x0000000095c47298) 
thrown [s\open\src\hotspot\share\prims\jni.cpp, line 1112]
Event: 16.743 Thread 0x000001ef9f70bec0 Exception <a 'java/lang/NoSuchMethodError'{0x0000000095ca07f0}: static Lorg/jetbrains/kotlin/incremental/ChangedFiles$Known;.<clinit>()V> (0x0000000095ca07f0) 
thrown [s\open\src\hotspot\share\prims\jni.cpp, line 1112]
Event: 16.744 Thread 0x000001ef9f70bec0 Exception <a 'java/lang/NoSuchMethodError'{0x0000000095cc1938}: static Lorg/jetbrains/kotlin/incremental/ClasspathChanges;.<clinit>()V> (0x0000000095cc1938) 
thrown [s\open\src\hotspot\share\prims\jni.cpp, line 1112]
Event: 16.744 Thread 0x000001ef9f70bec0 Exception <a 'java/lang/NoSuchMethodError'{0x0000000095cc3140}: static Lorg/jetbrains/kotlin/incremental/ClasspathChanges;.<clinit>()V> (0x0000000095cc3140) 
thrown [s\open\src\hotspot\share\prims\jni.cpp, line 1112]
Event: 16.747 Thread 0x000001ef9f70bec0 Exception <a 'java/lang/NoSuchMethodError'{0x0000000095b11900}: static Lorg/jetbrains/kotlin/build/report/metrics/BuildMetricsReporterImpl;.<clinit>()V> (0x0000000095b11900) 
thrown [s\open\src\hotspot\share\prims\jni.cpp, line 1112]

VM Operations (20 events):
Event: 14.817 Executing VM operation: G1Concurrent
Event: 14.818 Executing VM operation: G1Concurrent done
Event: 15.157 Executing VM operation: G1CollectForAllocation
Event: 15.166 Executing VM operation: G1CollectForAllocation done
Event: 15.170 Executing VM operation: G1CollectForAllocation
Event: 15.179 Executing VM operation: G1CollectForAllocation done
Event: 15.805 Executing VM operation: G1CollectForAllocation
Event: 15.812 Executing VM operation: G1CollectForAllocation done
Event: 15.938 Executing VM operation: G1Concurrent
Event: 15.942 Executing VM operation: G1Concurrent done
Event: 16.013 Executing VM operation: G1Concurrent
Event: 16.013 Executing VM operation: G1Concurrent done
Event: 16.066 Executing VM operation: HandshakeAllThreads
Event: 16.067 Executing VM operation: HandshakeAllThreads done
Event: 16.119 Executing VM operation: HandshakeAllThreads
Event: 16.119 Executing VM operation: HandshakeAllThreads done
Event: 16.334 Executing VM operation: ICBufferFull
Event: 16.334 Executing VM operation: ICBufferFull done
Event: 16.976 Executing VM operation: ICBufferFull
Event: 16.976 Executing VM operation: ICBufferFull done

Events (20 events):
Event: 16.769 loading class java/rmi/RemoteException
Event: 16.771 loading class java/rmi/RemoteException done
Event: 16.802 loading class java/rmi/ConnectException
Event: 16.811 loading class java/rmi/ConnectException done
Event: 16.812 loading class java/rmi/ConnectIOException
Event: 16.812 loading class java/rmi/ConnectIOException done
Event: 16.813 loading class java/rmi/UnmarshalException
Event: 16.813 loading class java/rmi/UnmarshalException done
Event: 16.848 loading class java/lang/IllegalThreadStateException
Event: 16.848 loading class java/lang/IllegalThreadStateException done
Event: 16.978 Loaded shared library C:\Users\User PC\AppData\Local\Temp\native-platform2292241290287424863dir\native-platform.dll
Event: 16.997 loading class java/lang/ProcessBuilder$NullInputStream
Event: 16.997 loading class java/lang/ProcessBuilder$NullInputStream done
Event: 16.997 loading class java/util/concurrent/Semaphore
Event: 16.997 loading class java/util/concurrent/Semaphore done
Event: 16.997 loading class java/util/concurrent/Semaphore$NonfairSync
Event: 16.997 loading class java/util/concurrent/Semaphore$Sync
Event: 16.997 loading class java/util/concurrent/Semaphore$Sync done
Event: 16.998 loading class java/util/concurrent/Semaphore$NonfairSync done
Event: 16.999 Thread 0x000001ef9f70a570 Thread added: 0x000001ef9f70a570


Dynamic libraries:
0x00007ff66a910000 - 0x00007ff66a920000 	C:\Program Files\Java\jdk-17\bin\java.exe
0x00007fffe4da0000 - 0x00007fffe5008000 	C:\WINDOWS\SYSTEM32\ntdll.dll
0x00007fffe35f0000 - 0x00007fffe36b9000 	C:\WINDOWS\System32\KERNEL32.DLL
0x00007fffe23d0000 - 0x00007fffe27c8000 	C:\WINDOWS\System32\KERNELBASE.dll
0x00007fffe1fd0000 - 0x00007fffe211b000 	C:\WINDOWS\System32\ucrtbase.dll
0x00007fffdc990000 - 0x00007fffdc9ab000 	C:\Program Files\Java\jdk-17\bin\VCRUNTIME140.dll
0x00007fffd8bc0000 - 0x00007fffd8bd9000 	C:\Program Files\Java\jdk-17\bin\jli.dll
0x00007fffe45d0000 - 0x00007fffe4684000 	C:\WINDOWS\System32\ADVAPI32.dll
0x00007fffe3260000 - 0x00007fffe3309000 	C:\WINDOWS\System32\msvcrt.dll
0x00007fffe31a0000 - 0x00007fffe3246000 	C:\WINDOWS\System32\sechost.dll
0x00007fffe3a20000 - 0x00007fffe3b38000 	C:\WINDOWS\System32\RPCRT4.dll
0x00007fffe4690000 - 0x00007fffe4857000 	C:\WINDOWS\System32\USER32.dll
0x00007fffe1fa0000 - 0x00007fffe1fc7000 	C:\WINDOWS\System32\win32u.dll
0x00007fffe2ce0000 - 0x00007fffe2d0b000 	C:\WINDOWS\System32\GDI32.dll
0x00007fffce430000 - 0x00007fffce6c4000 	C:\WINDOWS\WinSxS\amd64_microsoft.windows.common-controls_6595b64144ccf1df_6.0.26100.7019_none_3e06ffa0e335b8a8\COMCTL32.dll
0x00007fffe2950000 - 0x00007fffe2a7c000 	C:\WINDOWS\System32\gdi32full.dll
0x00007fffe1ef0000 - 0x00007fffe1f93000 	C:\WINDOWS\System32\msvcp_win.dll
0x00007fffda440000 - 0x00007fffda44b000 	C:\WINDOWS\SYSTEM32\VERSION.dll
0x00007fffe4570000 - 0x00007fffe45a1000 	C:\WINDOWS\System32\IMM32.DLL
0x00007fffdca20000 - 0x00007fffdca2c000 	C:\Program Files\Java\jdk-17\bin\vcruntime140_1.dll
0x00007fff837c0000 - 0x00007fff8384e000 	C:\Program Files\Java\jdk-17\bin\msvcp140.dll
0x00007fff62b90000 - 0x00007fff63770000 	C:\Program Files\Java\jdk-17\bin\server\jvm.dll
0x00007fffe45b0000 - 0x00007fffe45b8000 	C:\WINDOWS\System32\PSAPI.DLL
0x00007fffcb8f0000 - 0x00007fffcb925000 	C:\WINDOWS\SYSTEM32\WINMM.dll
0x00007fffd92a0000 - 0x00007fffd92aa000 	C:\WINDOWS\SYSTEM32\WSOCK32.dll
0x00007fffe3b40000 - 0x00007fffe3bb4000 	C:\WINDOWS\System32\WS2_32.dll
0x00007fffe0c70000 - 0x00007fffe0c8b000 	C:\WINDOWS\SYSTEM32\kernel.appcore.dll
0x00007fffdc8e0000 - 0x00007fffdc8ea000 	C:\Program Files\Java\jdk-17\bin\jimage.dll
0x00007fffdf360000 - 0x00007fffdf5a2000 	C:\WINDOWS\SYSTEM32\DBGHELP.DLL
0x00007fffe49d0000 - 0x00007fffe4d5b000 	C:\WINDOWS\System32\combase.dll
0x00007fffe36c0000 - 0x00007fffe3797000 	C:\WINDOWS\System32\OLEAUT32.dll
0x00007fffbd390000 - 0x00007fffbd3cc000 	C:\WINDOWS\SYSTEM32\dbgcore.DLL
0x00007fffe2120000 - 0x00007fffe21c5000 	C:\WINDOWS\System32\bcryptPrimitives.dll
0x00007fffd8b30000 - 0x00007fffd8b55000 	C:\Program Files\Java\jdk-17\bin\java.dll
0x00007fff83470000 - 0x00007fff83547000 	C:\Program Files\Java\jdk-17\bin\jsvml.dll
0x00007fffe3bf0000 - 0x00007fffe433f000 	C:\WINDOWS\System32\SHELL32.dll
0x00007fffe21d0000 - 0x00007fffe233b000 	C:\WINDOWS\System32\wintypes.dll
0x00007fffdfad0000 - 0x00007fffe032d000 	C:\WINDOWS\SYSTEM32\windows.storage.dll
0x00007fffe2b40000 - 0x00007fffe2c32000 	C:\WINDOWS\System32\SHCORE.dll
0x00007fffe3530000 - 0x00007fffe3597000 	C:\WINDOWS\System32\shlwapi.dll
0x00007fffe1e10000 - 0x00007fffe1e39000 	C:\WINDOWS\SYSTEM32\profapi.dll
0x00007fffd8ba0000 - 0x00007fffd8bb9000 	C:\Program Files\Java\jdk-17\bin\net.dll
0x00007fffd9c20000 - 0x00007fffd9d48000 	C:\WINDOWS\SYSTEM32\WINHTTP.dll
0x00007fffe11c0000 - 0x00007fffe122b000 	C:\WINDOWS\system32\mswsock.dll
0x00007fffd8230000 - 0x00007fffd8246000 	C:\Program Files\Java\jdk-17\bin\nio.dll
0x00007fffd3c00000 - 0x00007fffd3c18000 	C:\Program Files\Java\jdk-17\bin\zip.dll
0x00007fffdc870000 - 0x00007fffdc880000 	C:\Program Files\Java\jdk-17\bin\verify.dll
0x00007fffd1ba0000 - 0x00007fffd1bc7000 	C:\Users\User PC\.gradle\native\e1d6ef7f7dcc3fd88c89a11ec53ec762bb8ba0a96d01ffa2cd45eb1d1d8dd5c5\windows-amd64\native-platform.dll
0x00007fff82390000 - 0x00007fff824d4000 	C:\Users\User PC\.gradle\native\0d407fdbe67a94daf76414ababcb853783967236a71b16ec16e742cd7a986fd3\windows-amd64\native-platform-file-events.dll
0x00007fffd92d0000 - 0x00007fffd92da000 	C:\Program Files\Java\jdk-17\bin\management.dll
0x00007fffd92b0000 - 0x00007fffd92bb000 	C:\Program Files\Java\jdk-17\bin\management_ext.dll
0x00007fffe15b0000 - 0x00007fffe15cb000 	C:\WINDOWS\SYSTEM32\CRYPTSP.dll
0x00007fffe0bd0000 - 0x00007fffe0c0a000 	C:\WINDOWS\system32\rsaenh.dll
0x00007fffe1270000 - 0x00007fffe129b000 	C:\WINDOWS\SYSTEM32\USERENV.dll
0x00007fffe1de0000 - 0x00007fffe1e0a000 	C:\WINDOWS\SYSTEM32\bcrypt.dll
0x00007fffe1410000 - 0x00007fffe141c000 	C:\WINDOWS\SYSTEM32\CRYPTBASE.dll
0x00007fffe0600000 - 0x00007fffe0634000 	C:\WINDOWS\SYSTEM32\IPHLPAPI.DLL
0x00007fffe37a0000 - 0x00007fffe37aa000 	C:\WINDOWS\System32\NSI.dll
0x00007fffda200000 - 0x00007fffda21e000 	C:\WINDOWS\SYSTEM32\dhcpcsvc6.DLL
0x00007fffd9fc0000 - 0x00007fffd9fe3000 	C:\WINDOWS\SYSTEM32\dhcpcsvc.DLL
0x00007fffe0640000 - 0x00007fffe076c000 	C:\WINDOWS\SYSTEM32\DNSAPI.dll
0x00007fffd8c20000 - 0x00007fffd8c2e000 	C:\Program Files\Java\jdk-17\bin\sunmscapi.dll
0x00007fffe27d0000 - 0x00007fffe2947000 	C:\WINDOWS\System32\CRYPT32.dll
0x00007fffe1700000 - 0x00007fffe1730000 	C:\WINDOWS\SYSTEM32\ncrypt.dll
0x00007fffe16b0000 - 0x00007fffe16ef000 	C:\WINDOWS\SYSTEM32\NTASN1.dll
0x00007fffca530000 - 0x00007fffca538000 	C:\WINDOWS\system32\wshunix.dll
0x00007fffd1c20000 - 0x00007fffd1c3e000 	C:\Users\User PC\AppData\Local\Temp\native-platform2292241290287424863dir\native-platform.dll

dbghelp: loaded successfully - version: 4.0.5 - missing functions: none
symbol engine: initialized successfully - sym options: 0x614 - pdb path: .;C:\Program Files\Java\jdk-17\bin;C:\WINDOWS\SYSTEM32;C:\WINDOWS\WinSxS\amd64_microsoft.windows.common-controls_6595b64144ccf1df_6.0.26100.7019_none_3e06ffa0e335b8a8;C:\Program Files\Java\jdk-17\bin\server;C:\Users\User PC\.gradle\native\e1d6ef7f7dcc3fd88c89a11ec53ec762bb8ba0a96d01ffa2cd45eb1d1d8dd5c5\windows-amd64;C:\Users\User PC\.gradle\native\0d407fdbe67a94daf76414ababcb853783967236a71b16ec16e742cd7a986fd3\windows-amd64;C:\Users\User PC\AppData\Local\Temp\native-platform2292241290287424863dir

VM Arguments:
jvm_args: --add-opens=java.base/java.util=ALL-UNNAMED --add-opens=java.base/java.lang=ALL-UNNAMED --add-opens=java.base/java.lang.invoke=ALL-UNNAMED --add-opens=java.base/java.util=ALL-UNNAMED --add-opens=java.prefs/java.util.prefs=ALL-UNNAMED --add-opens=java.prefs/java.util.prefs=ALL-UNNAMED --add-opens=java.base/java.nio.charset=ALL-UNNAMED --add-opens=java.base/java.net=ALL-UNNAMED --add-opens=java.base/java.util.concurrent.atomic=ALL-UNNAMED -Xmx2048M -Dfile.encoding=windows-1252 -Duser.country=IN -Duser.language=en -Duser.variant 
java_command: org.gradle.launcher.daemon.bootstrap.GradleDaemon 7.5
java_class_path (initial): C:\Users\User PC\.gradle\wrapper\dists\gradle-7.5-bin\f1w0cc9nuo0eivz97x2xlu9sv\gradle-7.5\lib\gradle-launcher-7.5.jar
Launcher Type: SUN_STANDARD

[Global flags]
     intx CICompilerCount                          = 3                                         {product} {ergonomic}
     uint ConcGCThreads                            = 1                                         {product} {ergonomic}
     uint G1ConcRefinementThreads                  = 4                                         {product} {ergonomic}
   size_t G1HeapRegionSize                         = 1048576                                   {product} {ergonomic}
    uintx GCDrainStackTargetSize                   = 64                                        {product} {ergonomic}
   size_t InitialHeapSize                          = 199229440                                 {product} {ergonomic}
   size_t MarkStackSize                            = 4194304                                   {product} {ergonomic}
   size_t MaxHeapSize                              = 2147483648                                {product} {command line}
   size_t MaxNewSize                               = 1287651328                                {product} {ergonomic}
   size_t MinHeapDeltaBytes                        = 1048576                                   {product} {ergonomic}
   size_t MinHeapSize                              = 8388608                                   {product} {ergonomic}
    uintx NonNMethodCodeHeapSize                   = 5832780                                {pd product} {ergonomic}
    uintx NonProfiledCodeHeapSize                  = 122912730                              {pd product} {ergonomic}
    uintx ProfiledCodeHeapSize                     = 122912730                              {pd product} {ergonomic}
    uintx ReservedCodeCacheSize                    = 251658240                              {pd product} {ergonomic}
     bool SegmentedCodeCache                       = true                                      {product} {ergonomic}
   size_t SoftMaxHeapSize                          = 2147483648                             {manageable} {ergonomic}
     bool UseCompressedClassPointers               = true                           {product lp64_product} {ergonomic}
     bool UseCompressedOops                        = true                           {product lp64_product} {ergonomic}
     bool UseG1GC                                  = true                                      {product} {ergonomic}
     bool UseLargePagesIndividualAllocation        = false                                  {pd product} {ergonomic}

Logging:
Log output configuration:
 #0: stdout all=warning uptime,level,tags
 #1: stderr all=off uptime,level,tags

Environment Variables:
CLASSPATH=D:\NOV13\SNR\Androidcode\smart\Telegram android app\\gradle\wrapper\gradle-wrapper.jar
PATH=C:\Program Files\Common Files\Oracle\Java\javapath;C:\Program Files\Python313\Scripts\;C:\Program Files\Python313\;C:\WINDOWS\system32;C:\WINDOWS;C:\WINDOWS\System32\Wbem;C:\WINDOWS\System32\WindowsPowerShell\v1.0\;C:\WINDOWS\System32\OpenSSH\;C:\Users\User PC\Downloads\flutter_windows_3.35.1-stable\flutter\bin;C:\Program Files\Go\bin;C:\Library\Developer\Toolchains\unknown-Asserts-development.xctoolchain\usr\bin;C:\Users\User PC\Downloads\icuexportdata_icu4x-2025-05-21-77.x;C:\Users\User PC\Downloads\kotlin-compiler-2.0.10-RC\kotlinc\bin;C:\Program Files\MySQL\MySQL Server 8.0\bin;C:\Program Files\Java\jdk-17\bin;C:\Users\User PC\AppData\Local\Android\Sdk;C:\Users\User PC\AppData\Local\Android\Sdk\cmdline-tools\latest\bin;C:\Program Files\dotnet\;C:\Program Files\usbipd-win\;C:\Program Files\Git\cmd;C:\Users\User PC\AppData\Local\Microsoft\WindowsApps;C:\Users\User PC\AppData\Local\Programs\Microsoft VS Code\bin;C:\Users\User PC\AppData\Local\Programs\cursor\resources\app\bin;C:\Users\User PC\.dotnet\tools;C:\Users\User PC\Infineon\LauncherService;C:\Users\User PC\AppData\Local\GitHubDesktop\bin;C:\Users\User PC\Downloads\platform-tools-latest-windows\platform-tools\adb.exe;C:\Users\User PC\Downloads\platform-tools-latest-windows\platform-tools;C:\adb\;C:\Program Files (x86)\WhaleTeq MECG 2.0;C:\Program Files (x86)\Flash Programmer 2.lnk;C:\Users\User PC\Downloads\flutter_windows_3.38.3-stable\flutter\bin;C:\Users\User PC\flutter\bin
USERNAME=User PC
OS=Windows_NT
PROCESSOR_IDENTIFIER=Intel64 Family 6 Model 140 Stepping 1, GenuineIntel



---------------  S Y S T E M  ---------------

OS:
 Windows 11 , 64 bit Build 26100 (10.0.26100.7019)
OS uptime: 5 days 0:26 hours
Hyper-V role detected

CPU: total 4 (initial active 4) (2 cores per cpu, 2 threads per core) family 6 model 140 stepping 1 microcode 0x9a, cx8, cmov, fxsr, ht, mmx, 3dnowpref, sse, sse2, sse3, ssse3, sse4.1, sse4.2, popcnt, lzcnt, tsc, tscinvbit, avx, avx2, aes, erms, clmul, bmi1, bmi2, adx, avx512f, avx512dq, avx512cd, avx512bw, avx512vl, sha, fma, vzeroupper, avx512_vpopcntdq, avx512_vpclmulqdq, avx512_vaes, avx512_vnni, clflush, clflushopt, clwb, avx512_vbmi2, avx512_vbmi, hv

Memory: 4k page, system-wide physical 12091M (471M free)
TotalPageFile size 26899M (AvailPageFile size 5M)
current process WorkingSet (physical memory assigned to process): 557M, peak: 557M
current process commit charge ("private bytes"): 692M, peak: 727M

vm_info: Java HotSpot(TM) 64-Bit Server VM (17.0.12+8-LTS-286) for windows-amd64 JRE (17.0.12+8-LTS-286), built on Jun  5 2024 06:46:59 by "mach5one" with MS VC++ 17.6 (VS2022)

END.
