#
# There is insufficient memory for the Java Runtime Environment to continue.
# Native memory allocation (mmap) failed to map 554696704 bytes for G1 virtual space
# Possible reasons:
#   The system is out of physical RAM or swap space
#   The process is running with CompressedOops enabled, and the Java Heap may be blocking the growth of the native heap
# Possible solutions:
#   Reduce memory load on the system
#   Increase physical memory or swap space
#   Check if swap backing store is full
#   Decrease Java heap size (-Xmx/-Xms)
#   Decrease number of Java threads
#   Decrease Java thread stack sizes (-Xss)
#   Set larger code cache with -XX:ReservedCodeCacheSize=
#   JVM is running with Unscaled Compressed Oops mode in which the Java heap is
#     placed in the first 4GB address space. The Java Heap base address is the
#     maximum limit for the native heap growth. Please use -XX:HeapBaseMinAddress
#     to set the Java Heap base and to place the Java Heap above 4GB virtual address.
# This output file may be truncated or incomplete.
#
#  Out of Memory Error (os_windows.cpp:3548), pid=5132, tid=3204
#
# JRE version: Java(TM) SE Runtime Environment (17.0.12+8) (build 17.0.12+8-LTS-286)
# Java VM: Java HotSpot(TM) 64-Bit Server VM (17.0.12+8-LTS-286, mixed mode, sharing, tiered, compressed oops, compressed class ptrs, g1 gc, windows-amd64)
# No core dump will be written. Minidumps are not enabled by default on client versions of Windows
#

---------------  S U M M A R Y ------------

Command Line: --add-opens=java.base/java.util=ALL-UNNAMED --add-opens=java.base/java.lang=ALL-UNNAMED --add-opens=java.base/java.lang.invoke=ALL-UNNAMED --add-opens=java.base/java.util=ALL-UNNAMED --add-opens=java.prefs/java.util.prefs=ALL-UNNAMED --add-opens=java.prefs/java.util.prefs=ALL-UNNAMED --add-opens=java.base/java.nio.charset=ALL-UNNAMED --add-opens=java.base/java.net=ALL-UNNAMED --add-opens=java.base/java.util.concurrent.atomic=ALL-UNNAMED -Xmx2048M -Dfile.encoding=windows-1252 -Duser.country=IN -Duser.language=en -Duser.variant org.gradle.launcher.daemon.bootstrap.GradleDaemon 7.5

Host: 11th Gen Intel(R) Core(TM) i3-1115G4 @ 3.00GHz, 4 cores, 11G,  Windows 11 , 64 bit Build 26100 (10.0.26100.7019)
Time: Thu Dec 18 11:07:43 2025 India Standard Time elapsed time: 37.190052 seconds (0d 0h 0m 37s)

---------------  T H R E A D  ---------------

Current thread (0x000001f6ee0f7ac0):  VMThread "VM Thread" [stack: 0x000000178e900000,0x000000178ea00000] [id=3204]

Stack: [0x000000178e900000,0x000000178ea00000]
Native frames: (J=compiled Java code, j=interpreted, Vv=VM code, C=native code)
V  [jvm.dll+0x67a04a]
V  [jvm.dll+0x7da4ed]
V  [jvm.dll+0x7dbe33]
V  [jvm.dll+0x7dc4a3]
V  [jvm.dll+0x24508f]
V  [jvm.dll+0x677089]
V  [jvm.dll+0x66bd32]
V  [jvm.dll+0x301fa6]
V  [jvm.dll+0x309546]
V  [jvm.dll+0x359d2e]
V  [jvm.dll+0x359f5f]
V  [jvm.dll+0x2d9078]
V  [jvm.dll+0x2d74ad]
V  [jvm.dll+0x2d6afc]
V  [jvm.dll+0x31a65b]
V  [jvm.dll+0x7e0d9b]
V  [jvm.dll+0x7e1ad4]
V  [jvm.dll+0x7e1fed]
V  [jvm.dll+0x7e23c4]
V  [jvm.dll+0x7e2490]
V  [jvm.dll+0x78abea]
V  [jvm.dll+0x678f35]
C  [ucrtbase.dll+0x37b0]
C  [KERNEL32.DLL+0x2e8d7]
C  [ntdll.dll+0x8c53c]

VM_Operation (0x00000017942f9280): G1CollectForAllocation, mode: safepoint, requested by thread 0x000001f6f3c0ca40


---------------  P R O C E S S  ---------------

Threads class SMR info:
_java_thread_list=0x000001f6f3e9fee0, length=98, elements={
0x000001f6ce7c4ad0, 0x000001f6ee0f9b70, 0x000001f6ee0fcfc0, 0x000001f6ee1115f0,
0x000001f6ee111ec0, 0x000001f6ee113300, 0x000001f6ee114740, 0x000001f6ee1153f0,
0x000001f6ee15e060, 0x000001f6ee15e580, 0x000001f6ee378fc0, 0x000001f6ee3816d0,
0x000001f6f468c9a0, 0x000001f6f3cb7e40, 0x000001f6f3ebfe70, 0x000001f6f3ad0130,
0x000001f6f46d9490, 0x000001f6f483f430, 0x000001f6f483ef20, 0x000001f6f483f940,
0x000001f6f483e500, 0x000001f6f483fe50, 0x000001f6f4840360, 0x000001f6f4840870,
0x000001f6f483dff0, 0x000001f6f483dae0, 0x000001f6f4840d80, 0x000001f6f4841290,
0x000001f6f5442530, 0x000001f6f5443460, 0x000001f6f5442a40, 0x000001f6f5442020,
0x000001f6f5440be0, 0x000001f6f54410f0, 0x000001f6f5442f50, 0x000001f6f5441b10,
0x000001f6f5443970, 0x000001f6f54401c0, 0x000001f6f5443e80, 0x000001f6f54406d0,
0x000001f6f5444390, 0x000001f6f5447630, 0x000001f6f54448a0, 0x000001f6f5444db0,
0x000001f6f54452c0, 0x000001f6f54457d0, 0x000001f6f54461f0, 0x000001f6f5446700,
0x000001f6f5445ce0, 0x000001f6f5446c10, 0x000001f6f5447120, 0x000001f6f4ddfa90,
0x000001f6f4de18f0, 0x000001f6f4ddf070, 0x000001f6f4ddffa0, 0x000001f6f4de2820,
0x000001f6f4de1e00, 0x000001f6f4ddf580, 0x000001f6f4de2310, 0x000001f6f4de04b0,
0x000001f6f4de3240, 0x000001f6f4de2d30, 0x000001f6f4de0ed0, 0x000001f6f4de3750,
0x000001f6f4de13e0, 0x000001f6f4de3c60, 0x000001f6f4de4170, 0x000001f6f4de09c0,
0x000001f6f4de64e0, 0x000001f6f4de55b0, 0x000001f6f4de69f0, 0x000001f6f4de4680,
0x000001f6f4de4b90, 0x000001f6f4de5ac0, 0x000001f6f4de5fd0, 0x000001f6f4de50a0,
0x000001f6f3c09290, 0x000001f6f3c0b0f0, 0x000001f6f3c09cb0, 0x000001f6f3c0a1c0,
0x000001f6f3c0b600, 0x000001f6f3c0c020, 0x000001f6f3c0bb10, 0x000001f6f3c0ca40,
0x000001f6f3c0cf50, 0x000001f6f3c097a0, 0x000001f6f3c0d970, 0x000001f6f3c0f2c0,
0x000001f6f3c0de80, 0x000001f6f3c101f0, 0x000001f6f3c0f7d0, 0x000001f6f3c0fce0,
0x000001f6f483ea10, 0x000001f6f813b260, 0x000001f6f813a840, 0x000001f6f813d0c0,
0x000001f6f813b770, 0x000001f6f813d5d0
}

Java Threads: ( => current thread )
  0x000001f6ce7c4ad0 JavaThread "main" [_thread_blocked, id=16124, stack(0x000000178e300000,0x000000178e400000)]
  0x000001f6ee0f9b70 JavaThread "Reference Handler" daemon [_thread_blocked, id=34024, stack(0x000000178ea00000,0x000000178eb00000)]
  0x000001f6ee0fcfc0 JavaThread "Finalizer" daemon [_thread_blocked, id=25004, stack(0x000000178eb00000,0x000000178ec00000)]
  0x000001f6ee1115f0 JavaThread "Signal Dispatcher" daemon [_thread_blocked, id=3320, stack(0x000000178ec00000,0x000000178ed00000)]
  0x000001f6ee111ec0 JavaThread "Attach Listener" daemon [_thread_blocked, id=3044, stack(0x000000178ed00000,0x000000178ee00000)]
  0x000001f6ee113300 JavaThread "Service Thread" daemon [_thread_blocked, id=28748, stack(0x000000178ee00000,0x000000178ef00000)]
  0x000001f6ee114740 JavaThread "Monitor Deflation Thread" daemon [_thread_blocked, id=8660, stack(0x000000178ef00000,0x000000178f000000)]
  0x000001f6ee1153f0 JavaThread "C2 CompilerThread0" daemon [_thread_blocked, id=18248, stack(0x000000178f000000,0x000000178f100000)]
  0x000001f6ee15e060 JavaThread "C1 CompilerThread0" daemon [_thread_blocked, id=9288, stack(0x000000178f100000,0x000000178f200000)]
  0x000001f6ee15e580 JavaThread "Sweeper thread" daemon [_thread_blocked, id=33640, stack(0x000000178f200000,0x000000178f300000)]
  0x000001f6ee378fc0 JavaThread "Common-Cleaner" daemon [_thread_blocked, id=22932, stack(0x000000178f300000,0x000000178f400000)]
  0x000001f6ee3816d0 JavaThread "Notification Thread" daemon [_thread_blocked, id=25784, stack(0x000000178f400000,0x000000178f500000)]
  0x000001f6f468c9a0 JavaThread "Daemon health stats" [_thread_blocked, id=17668, stack(0x000000178fa00000,0x000000178fb00000)]
  0x000001f6f3cb7e40 JavaThread "Incoming local TCP Connector on port 57787" [_thread_in_native, id=12492, stack(0x000000178f600000,0x000000178f700000)]
  0x000001f6f3ebfe70 JavaThread "Daemon periodic checks" [_thread_blocked, id=31752, stack(0x000000178fb00000,0x000000178fc00000)]
  0x000001f6f3ad0130 JavaThread "Daemon" [_thread_blocked, id=10284, stack(0x000000178fc00000,0x000000178fd00000)]
  0x000001f6f46d9490 JavaThread "Handler for socket connection from /127.0.0.1:57787 to /127.0.0.1:57788" [_thread_in_native, id=14472, stack(0x000000178fd00000,0x000000178fe00000)]
  0x000001f6f483f430 JavaThread "Cancel handler" [_thread_blocked, id=26008, stack(0x000000178fe00000,0x000000178ff00000)]
  0x000001f6f483ef20 JavaThread "Daemon worker" [_thread_blocked, id=31276, stack(0x000000178ff00000,0x0000001790000000)]
  0x000001f6f483f940 JavaThread "Asynchronous log dispatcher for DefaultDaemonConnection: socket connection from /127.0.0.1:57787 to /127.0.0.1:57788" [_thread_blocked, id=33812, stack(0x0000001790000000,0x0000001790100000)]
  0x000001f6f483e500 JavaThread "Stdin handler" [_thread_blocked, id=4908, stack(0x0000001790100000,0x0000001790200000)]
  0x000001f6f483fe50 JavaThread "Daemon client event forwarder" [_thread_blocked, id=32500, stack(0x0000001790200000,0x0000001790300000)]
  0x000001f6f4840360 JavaThread "Cache worker for journal cache (C:\Users\User PC\.gradle\caches\journal-1)" [_thread_blocked, id=10064, stack(0x0000001790300000,0x0000001790400000)]
  0x000001f6f4840870 JavaThread "File lock request listener" [_thread_in_native, id=32384, stack(0x0000001790400000,0x0000001790500000)]
  0x000001f6f483dff0 JavaThread "Cache worker for file hash cache (C:\Users\User PC\.gradle\caches\7.5\fileHashes)" [_thread_blocked, id=2196, stack(0x0000001790500000,0x0000001790600000)]
  0x000001f6f483dae0 JavaThread "File watcher server" daemon [_thread_blocked, id=25644, stack(0x0000001790700000,0x0000001790800000)]
  0x000001f6f4840d80 JavaThread "File watcher consumer" daemon [_thread_blocked, id=13328, stack(0x0000001790800000,0x0000001790900000)]
  0x000001f6f4841290 JavaThread "Cache worker for checksums cache (D:\EdgeComputing\SNR\Androidcode\smart\Telegram android app\.gradle\7.5\checksums)" [_thread_blocked, id=20428, stack(0x0000001790900000,0x0000001790a00000)]
  0x000001f6f5442530 JavaThread "Cache worker for cache directory md-rule (C:\Users\User PC\.gradle\caches\7.5\md-rule)" [_thread_blocked, id=14256, stack(0x0000001790a00000,0x0000001790b00000)]
  0x000001f6f5443460 JavaThread "Cache worker for file content cache (C:\Users\User PC\.gradle\caches\7.5\fileContent)" [_thread_blocked, id=13812, stack(0x0000001790b00000,0x0000001790c00000)]
  0x000001f6f5442a40 JavaThread "Cache worker for file hash cache (D:\EdgeComputing\SNR\Androidcode\smart\Telegram android app\.gradle\7.5\fileHashes)" [_thread_blocked, id=25180, stack(0x0000001790c00000,0x0000001790d00000)]
  0x000001f6f5442020 JavaThread "Cache worker for cache directory md-supplier (C:\Users\User PC\.gradle\caches\7.5\md-supplier)" [_thread_blocked, id=10176, stack(0x0000001790d00000,0x0000001790e00000)]
  0x000001f6f5440be0 JavaThread "Cache worker for execution history cache (C:\Users\User PC\.gradle\caches\7.5\executionHistory)" [_thread_blocked, id=28744, stack(0x0000001790e00000,0x0000001790f00000)]
  0x000001f6f54410f0 JavaThread "jar transforms" [_thread_blocked, id=4340, stack(0x0000001790f00000,0x0000001791000000)]
  0x000001f6f5442f50 JavaThread "jar transforms Thread 2" [_thread_blocked, id=24784, stack(0x0000001791000000,0x0000001791100000)]
  0x000001f6f5441b10 JavaThread "Cache worker for dependencies-accessors (D:\EdgeComputing\SNR\Androidcode\smart\Telegram android app\.gradle\7.5\dependencies-accessors)" [_thread_blocked, id=21684, stack(0x0000001791100000,0x0000001791200000)]
  0x000001f6f5443970 JavaThread "jar transforms Thread 3" [_thread_blocked, id=25224, stack(0x0000001791200000,0x0000001791300000)]
  0x000001f6f54401c0 JavaThread "Cache worker for Build Output Cleanup Cache (D:\EdgeComputing\SNR\Androidcode\smart\Telegram android app\.gradle\buildOutputCleanup)" [_thread_blocked, id=10268, stack(0x0000001791300000,0x0000001791400000)]
  0x000001f6f5443e80 JavaThread "Unconstrained build operations" [_thread_blocked, id=8820, stack(0x0000001791400000,0x0000001791500000)]
  0x000001f6f54406d0 JavaThread "Unconstrained build operations Thread 2" [_thread_blocked, id=32924, stack(0x0000001791500000,0x0000001791600000)]
  0x000001f6f5444390 JavaThread "Unconstrained build operations Thread 3" [_thread_blocked, id=22656, stack(0x0000001791600000,0x0000001791700000)]
  0x000001f6f5447630 JavaThread "Unconstrained build operations Thread 4" [_thread_blocked, id=33132, stack(0x0000001791700000,0x0000001791800000)]
  0x000001f6f54448a0 JavaThread "Unconstrained build operations Thread 5" [_thread_blocked, id=6920, stack(0x0000001791800000,0x0000001791900000)]
  0x000001f6f5444db0 JavaThread "Unconstrained build operations Thread 6" [_thread_blocked, id=4060, stack(0x0000001791900000,0x0000001791a00000)]
  0x000001f6f54452c0 JavaThread "Unconstrained build operations Thread 7" [_thread_blocked, id=22336, stack(0x0000001791a00000,0x0000001791b00000)]
  0x000001f6f54457d0 JavaThread "Unconstrained build operations Thread 8" [_thread_blocked, id=27348, stack(0x0000001791b00000,0x0000001791c00000)]
  0x000001f6f54461f0 JavaThread "Unconstrained build operations Thread 9" [_thread_blocked, id=22076, stack(0x0000001791c00000,0x0000001791d00000)]
  0x000001f6f5446700 JavaThread "Unconstrained build operations Thread 10" [_thread_blocked, id=2504, stack(0x0000001791d00000,0x0000001791e00000)]
  0x000001f6f5445ce0 JavaThread "Unconstrained build operations Thread 11" [_thread_blocked, id=22968, stack(0x0000001791e00000,0x0000001791f00000)]
  0x000001f6f5446c10 JavaThread "Unconstrained build operations Thread 12" [_thread_blocked, id=12456, stack(0x0000001791f00000,0x0000001792000000)]
  0x000001f6f5447120 JavaThread "Unconstrained build operations Thread 13" [_thread_blocked, id=21308, stack(0x0000001792000000,0x0000001792100000)]
  0x000001f6f4ddfa90 JavaThread "Unconstrained build operations Thread 14" [_thread_blocked, id=31452, stack(0x0000001792100000,0x0000001792200000)]
  0x000001f6f4de18f0 JavaThread "Unconstrained build operations Thread 15" [_thread_blocked, id=11676, stack(0x0000001792200000,0x0000001792300000)]
  0x000001f6f4ddf070 JavaThread "Unconstrained build operations Thread 16" [_thread_blocked, id=19120, stack(0x0000001792300000,0x0000001792400000)]
  0x000001f6f4ddffa0 JavaThread "Unconstrained build operations Thread 17" [_thread_blocked, id=17272, stack(0x0000001792400000,0x0000001792500000)]
  0x000001f6f4de2820 JavaThread "Unconstrained build operations Thread 18" [_thread_blocked, id=3372, stack(0x0000001792500000,0x0000001792600000)]
  0x000001f6f4de1e00 JavaThread "Unconstrained build operations Thread 19" [_thread_blocked, id=11200, stack(0x0000001792600000,0x0000001792700000)]
  0x000001f6f4ddf580 JavaThread "Unconstrained build operations Thread 20" [_thread_blocked, id=33704, stack(0x0000001792700000,0x0000001792800000)]
  0x000001f6f4de2310 JavaThread "Unconstrained build operations Thread 21" [_thread_blocked, id=24580, stack(0x0000001792800000,0x0000001792900000)]
  0x000001f6f4de04b0 JavaThread "Unconstrained build operations Thread 22" [_thread_blocked, id=15704, stack(0x0000001792900000,0x0000001792a00000)]
  0x000001f6f4de3240 JavaThread "Unconstrained build operations Thread 23" [_thread_blocked, id=15768, stack(0x0000001792a00000,0x0000001792b00000)]
  0x000001f6f4de2d30 JavaThread "Unconstrained build operations Thread 24" [_thread_blocked, id=26332, stack(0x0000001792b00000,0x0000001792c00000)]
  0x000001f6f4de0ed0 JavaThread "Unconstrained build operations Thread 25" [_thread_blocked, id=21124, stack(0x0000001792c00000,0x0000001792d00000)]
  0x000001f6f4de3750 JavaThread "Unconstrained build operations Thread 26" [_thread_blocked, id=5944, stack(0x0000001792d00000,0x0000001792e00000)]
  0x000001f6f4de13e0 JavaThread "Unconstrained build operations Thread 27" [_thread_blocked, id=31148, stack(0x0000001792e00000,0x0000001792f00000)]
  0x000001f6f4de3c60 JavaThread "Unconstrained build operations Thread 28" [_thread_blocked, id=31400, stack(0x0000001792f00000,0x0000001793000000)]
  0x000001f6f4de4170 JavaThread "Unconstrained build operations Thread 29" [_thread_blocked, id=6780, stack(0x0000001793000000,0x0000001793100000)]
  0x000001f6f4de09c0 JavaThread "Unconstrained build operations Thread 30" [_thread_blocked, id=22228, stack(0x0000001793100000,0x0000001793200000)]
  0x000001f6f4de64e0 JavaThread "Unconstrained build operations Thread 31" [_thread_blocked, id=31776, stack(0x0000001793200000,0x0000001793300000)]
  0x000001f6f4de55b0 JavaThread "Unconstrained build operations Thread 32" [_thread_blocked, id=18192, stack(0x0000001793300000,0x0000001793400000)]
  0x000001f6f4de69f0 JavaThread "Unconstrained build operations Thread 33" [_thread_blocked, id=12056, stack(0x0000001793400000,0x0000001793500000)]
  0x000001f6f4de4680 JavaThread "Unconstrained build operations Thread 34" [_thread_blocked, id=34344, stack(0x0000001793500000,0x0000001793600000)]
  0x000001f6f4de4b90 JavaThread "Unconstrained build operations Thread 35" [_thread_blocked, id=18748, stack(0x0000001793600000,0x0000001793700000)]
  0x000001f6f4de5ac0 JavaThread "Unconstrained build operations Thread 36" [_thread_blocked, id=12544, stack(0x0000001793700000,0x0000001793800000)]
  0x000001f6f4de5fd0 JavaThread "Unconstrained build operations Thread 37" [_thread_blocked, id=18648, stack(0x0000001793800000,0x0000001793900000)]
  0x000001f6f4de50a0 JavaThread "Unconstrained build operations Thread 38" [_thread_blocked, id=34852, stack(0x0000001793900000,0x0000001793a00000)]
  0x000001f6f3c09290 JavaThread "Unconstrained build operations Thread 39" [_thread_blocked, id=18308, stack(0x0000001793a00000,0x0000001793b00000)]
  0x000001f6f3c0b0f0 JavaThread "Unconstrained build operations Thread 40" [_thread_blocked, id=29136, stack(0x0000001793b00000,0x0000001793c00000)]
  0x000001f6f3c09cb0 JavaThread "jar transforms Thread 4" [_thread_blocked, id=3288, stack(0x0000001793c00000,0x0000001793d00000)]
  0x000001f6f3c0a1c0 JavaThread "Memory manager" [_thread_blocked, id=2548, stack(0x0000001793e00000,0x0000001793f00000)]
  0x000001f6f3c0b600 JavaThread "Exec process" [_thread_blocked, id=33224, stack(0x0000001793f00000,0x0000001794000000)]
  0x000001f6f3c0c020 JavaThread "Exec process Thread 2" [_thread_blocked, id=25424, stack(0x0000001794000000,0x0000001794100000)]
  0x000001f6f3c0bb10 JavaThread "Exec process Thread 3" [_thread_blocked, id=1720, stack(0x0000001794100000,0x0000001794200000)]
  0x000001f6f3c0ca40 JavaThread "included builds" [_thread_blocked, id=15636, stack(0x0000001794200000,0x0000001794300000)]
  0x000001f6f3c0cf50 JavaThread "Execution worker" [_thread_blocked, id=22776, stack(0x0000001794300000,0x0000001794400000)]
  0x000001f6f3c097a0 JavaThread "Execution worker Thread 2" [_thread_blocked, id=14632, stack(0x0000001794400000,0x0000001794500000)]
  0x000001f6f3c0d970 JavaThread "Execution worker Thread 3" [_thread_blocked, id=9600, stack(0x0000001794500000,0x0000001794600000)]
  0x000001f6f3c0f2c0 JavaThread "Cache worker for execution history cache (D:\EdgeComputing\SNR\Androidcode\smart\Telegram android app\.gradle\7.5\executionHistory)" [_thread_blocked, id=14400, stack(0x0000001794600000,0x0000001794700000)]
  0x000001f6f3c0de80 JavaThread "WorkerExecutor Queue" [_thread_blocked, id=1928, stack(0x0000001794700000,0x0000001794800000)]
  0x000001f6f3c101f0 JavaThread "RMI Scheduler(0)" daemon [_thread_blocked, id=9128, stack(0x0000001790600000,0x0000001790700000)]
  0x000001f6f3c0f7d0 JavaThread "RMI GC Daemon" daemon [_thread_blocked, id=10924, stack(0x0000001794900000,0x0000001794a00000)]
  0x000001f6f3c0fce0 JavaThread "RMI TCP Accept-0" daemon [_thread_in_native, id=9756, stack(0x0000001794a00000,0x0000001794b00000)]
  0x000001f6f483ea10 JavaThread "RMI Reaper" [_thread_blocked, id=28680, stack(0x0000001794b00000,0x0000001794c00000)]
  0x000001f6f813b260 JavaThread "RMI TCP Connection(3)-127.0.0.1" daemon [_thread_in_native, id=3748, stack(0x0000001794d00000,0x0000001794e00000)]
  0x000001f6f813a840 JavaThread "WorkerExecutor Queue Thread 2" [_thread_blocked, id=19680, stack(0x0000001794800000,0x0000001794900000)]
  0x000001f6f813d0c0 JavaThread "WorkerExecutor Queue Thread 3" [_thread_blocked, id=25444, stack(0x0000001794f00000,0x0000001795000000)]
  0x000001f6f813b770 JavaThread "RMI RenewClean-[127.0.0.1:17868,org.jetbrains.kotlin.daemon.common.LoopbackNetworkInterface$ClientLoopbackSocketFactory@56a5be64]" daemon [_thread_blocked, id=13136, stack(0x0000001795000000,0x0000001795100000)]
  0x000001f6f813d5d0 JavaThread "RMI TCP Connection(2)-127.0.0.1" daemon [_thread_in_native, id=33576, stack(0x0000001795100000,0x0000001795200000)]

Other Threads:
=>0x000001f6ee0f7ac0 VMThread "VM Thread" [stack: 0x000000178e900000,0x000000178ea00000] [id=3204]
  0x000001f6ce83e300 WatcherThread [stack: 0x000000178f500000,0x000000178f600000] [id=7520]
  0x000001f6ce81f240 GCTaskThread "GC Thread#0" [stack: 0x000000178e400000,0x000000178e500000] [id=29828]
  0x000001f6ee500240 GCTaskThread "GC Thread#1" [stack: 0x000000178f700000,0x000000178f800000] [id=6712]
  0x000001f6ee8083d0 GCTaskThread "GC Thread#2" [stack: 0x000000178f800000,0x000000178f900000] [id=18240]
  0x000001f6eec02b60 GCTaskThread "GC Thread#3" [stack: 0x000000178f900000,0x000000178fa00000] [id=29936]
  0x000001f6ce8300a0 ConcurrentGCThread "G1 Main Marker" [stack: 0x000000178e500000,0x000000178e600000] [id=33968]
  0x000001f6ce832360 ConcurrentGCThread "G1 Conc#0" [stack: 0x000000178e600000,0x000000178e700000] [id=34188]
  0x000001f6ce88d930 ConcurrentGCThread "G1 Refine#0" [stack: 0x000000178e700000,0x000000178e800000] [id=33092]
  0x000001f6f5b5a340 ConcurrentGCThread "G1 Refine#1" [stack: 0x0000001793d00000,0x0000001793e00000] [id=10520]
  0x000001f6ce88e170 ConcurrentGCThread "G1 Service" [stack: 0x000000178e800000,0x000000178e900000] [id=5272]

Threads with active compile tasks:
C2 CompilerThread0    37219 16514       4       org.gradle.internal.file.FileHierarchySet$Node::isChildOfOrThis (110 bytes)

VM state: at safepoint (normal execution)

VM Mutex/Monitor currently owned by a thread:  ([mutex/lock_event])
[0x000001f6ce7c1390] Threads_lock - owner thread: 0x000001f6ee0f7ac0
[0x000001f6ce7bfda0] Heap_lock - owner thread: 0x000001f6f3c0ca40

Heap address: 0x0000000080000000, size: 2048 MB, Compressed Oops mode: 32-bit

CDS archive(s) mapped at: [0x000001f680000000-0x000001f680bd0000-0x000001f680bd0000), size 12386304, SharedBaseAddress: 0x000001f680000000, ArchiveRelocationMode: 1.
Compressed class space mapped at: 0x000001f681000000-0x000001f6c1000000, reserved size: 1073741824
Narrow klass base: 0x000001f680000000, Narrow klass shift: 0, Narrow klass range: 0x100000000

GC Precious Log:
 CPUs: 4 total, 4 available
 Memory: 12091M
 Large Page Support: Disabled
 NUMA Support: Disabled
 Compressed Oops: Enabled (32-bit)
 Heap Region Size: 1M
 Heap Min Capacity: 8M
 Heap Initial Capacity: 190M
 Heap Max Capacity: 2G
 Pre-touch: Disabled
 Parallel Workers: 4
 Concurrent Workers: 1
 Concurrent Refinement Workers: 4
 Periodic GC: Disabled

Heap:
 garbage-first heap   total 447488K, used 303616K [0x0000000080000000, 0x0000000100000000)
  region size 1024K, 1 young (1024K), 1 survivors (1024K)
 Metaspace       used 110017K, committed 110912K, reserved 1179648K
  class space    used 14478K, committed 14912K, reserved 1048576K

Heap Regions: E=young(eden), S=young(survivor), O=old, HS=humongous(starts), HC=humongous(continues), CS=collection set, F=free, OA=open archive, CA=closed archive, TAMS=top-at-mark-start (previous, next)
|   0|0x0000000080000000, 0x0000000080100000, 0x0000000080100000|100%|HS|  |TAMS 0x0000000080100000, 0x0000000080000000| Complete 
|   1|0x0000000080100000, 0x0000000080200000, 0x0000000080200000|100%|HC|  |TAMS 0x0000000080200000, 0x0000000080100000| Complete 
|   2|0x0000000080200000, 0x0000000080300000, 0x0000000080300000|100%|HC|  |TAMS 0x0000000080300000, 0x0000000080200000| Complete 
|   3|0x0000000080300000, 0x0000000080400000, 0x0000000080400000|100%| O|  |TAMS 0x0000000080400000, 0x0000000080300000| Untracked 
|   4|0x0000000080400000, 0x0000000080500000, 0x0000000080500000|100%| O|  |TAMS 0x0000000080500000, 0x0000000080400000| Untracked 
|   5|0x0000000080500000, 0x0000000080600000, 0x0000000080600000|100%| O|  |TAMS 0x0000000080600000, 0x0000000080500000| Untracked 
|   6|0x0000000080600000, 0x0000000080700000, 0x0000000080700000|100%| O|  |TAMS 0x0000000080700000, 0x0000000080600000| Untracked 
|   7|0x0000000080700000, 0x0000000080800000, 0x0000000080800000|100%| O|  |TAMS 0x0000000080800000, 0x0000000080700000| Untracked 
|   8|0x0000000080800000, 0x0000000080900000, 0x0000000080900000|100%| O|  |TAMS 0x0000000080900000, 0x0000000080800000| Untracked 
|   9|0x0000000080900000, 0x0000000080a00000, 0x0000000080a00000|100%| O|  |TAMS 0x0000000080a00000, 0x0000000080900000| Untracked 
|  10|0x0000000080a00000, 0x0000000080b00000, 0x0000000080b00000|100%| O|  |TAMS 0x0000000080b00000, 0x0000000080a00000| Untracked 
|  11|0x0000000080b00000, 0x0000000080c00000, 0x0000000080c00000|100%| O|  |TAMS 0x0000000080c00000, 0x0000000080b00000| Untracked 
|  12|0x0000000080c00000, 0x0000000080d00000, 0x0000000080d00000|100%| O|  |TAMS 0x0000000080d00000, 0x0000000080c00000| Untracked 
|  13|0x0000000080d00000, 0x0000000080e00000, 0x0000000080e00000|100%| O|  |TAMS 0x0000000080e00000, 0x0000000080d00000| Untracked 
|  14|0x0000000080e00000, 0x0000000080f00000, 0x0000000080f00000|100%| O|  |TAMS 0x0000000080f00000, 0x0000000080e00000| Untracked 
|  15|0x0000000080f00000, 0x0000000081000000, 0x0000000081000000|100%| O|  |TAMS 0x0000000081000000, 0x0000000080f00000| Untracked 
|  16|0x0000000081000000, 0x0000000081100000, 0x0000000081100000|100%| O|  |TAMS 0x0000000081100000, 0x0000000081000000| Untracked 
|  17|0x0000000081100000, 0x0000000081200000, 0x0000000081200000|100%| O|  |TAMS 0x0000000081200000, 0x0000000081100000| Untracked 
|  18|0x0000000081200000, 0x0000000081300000, 0x0000000081300000|100%| O|  |TAMS 0x0000000081300000, 0x0000000081200000| Untracked 
|  19|0x0000000081300000, 0x0000000081400000, 0x0000000081400000|100%| O|  |TAMS 0x0000000081400000, 0x0000000081300000| Untracked 
|  20|0x0000000081400000, 0x0000000081500000, 0x0000000081500000|100%| O|  |TAMS 0x0000000081500000, 0x0000000081400000| Untracked 
|  21|0x0000000081500000, 0x0000000081600000, 0x0000000081600000|100%| O|  |TAMS 0x0000000081600000, 0x0000000081500000| Untracked 
|  22|0x0000000081600000, 0x0000000081700000, 0x0000000081700000|100%| O|  |TAMS 0x0000000081700000, 0x0000000081600000| Untracked 
|  23|0x0000000081700000, 0x0000000081800000, 0x0000000081800000|100%| O|  |TAMS 0x0000000081800000, 0x0000000081700000| Untracked 
|  24|0x0000000081800000, 0x0000000081900000, 0x0000000081900000|100%| O|  |TAMS 0x0000000081900000, 0x0000000081800000| Untracked 
|  25|0x0000000081900000, 0x0000000081a00000, 0x0000000081a00000|100%| O|  |TAMS 0x0000000081a00000, 0x0000000081900000| Untracked 
|  26|0x0000000081a00000, 0x0000000081b00000, 0x0000000081b00000|100%| O|  |TAMS 0x0000000081b00000, 0x0000000081a00000| Untracked 
|  27|0x0000000081b00000, 0x0000000081c00000, 0x0000000081c00000|100%| O|  |TAMS 0x0000000081c00000, 0x0000000081b00000| Untracked 
|  28|0x0000000081c00000, 0x0000000081d00000, 0x0000000081d00000|100%| O|  |TAMS 0x0000000081d00000, 0x0000000081c00000| Untracked 
|  29|0x0000000081d00000, 0x0000000081e00000, 0x0000000081e00000|100%| O|  |TAMS 0x0000000081e00000, 0x0000000081d00000| Untracked 
|  30|0x0000000081e00000, 0x0000000081f00000, 0x0000000081f00000|100%|HS|  |TAMS 0x0000000081f00000, 0x0000000081e00000| Complete 
|  31|0x0000000081f00000, 0x0000000082000000, 0x0000000082000000|100%|HS|  |TAMS 0x0000000082000000, 0x0000000081f00000| Complete 
|  32|0x0000000082000000, 0x0000000082100000, 0x0000000082100000|100%|HS|  |TAMS 0x0000000082100000, 0x0000000082000000| Complete 
|  33|0x0000000082100000, 0x0000000082200000, 0x0000000082200000|100%| O|  |TAMS 0x0000000082200000, 0x0000000082100000| Untracked 
|  34|0x0000000082200000, 0x0000000082300000, 0x0000000082300000|100%| O|  |TAMS 0x0000000082300000, 0x0000000082200000| Untracked 
|  35|0x0000000082300000, 0x0000000082400000, 0x0000000082400000|100%| O|  |TAMS 0x0000000082400000, 0x0000000082300000| Untracked 
|  36|0x0000000082400000, 0x0000000082500000, 0x0000000082500000|100%| O|  |TAMS 0x0000000082500000, 0x0000000082400000| Untracked 
|  37|0x0000000082500000, 0x0000000082600000, 0x0000000082600000|100%| O|  |TAMS 0x0000000082600000, 0x0000000082500000| Untracked 
|  38|0x0000000082600000, 0x0000000082700000, 0x0000000082700000|100%| O|  |TAMS 0x0000000082700000, 0x0000000082600000| Untracked 
|  39|0x0000000082700000, 0x0000000082800000, 0x0000000082800000|100%| O|  |TAMS 0x0000000082800000, 0x0000000082700000| Untracked 
|  40|0x0000000082800000, 0x0000000082900000, 0x0000000082900000|100%| O|  |TAMS 0x0000000082900000, 0x0000000082800000| Untracked 
|  41|0x0000000082900000, 0x0000000082a00000, 0x0000000082a00000|100%| O|  |TAMS 0x0000000082a00000, 0x0000000082900000| Untracked 
|  42|0x0000000082a00000, 0x0000000082b00000, 0x0000000082b00000|100%| O|  |TAMS 0x0000000082b00000, 0x0000000082a00000| Untracked 
|  43|0x0000000082b00000, 0x0000000082c00000, 0x0000000082c00000|100%| O|  |TAMS 0x0000000082c00000, 0x0000000082b00000| Untracked 
|  44|0x0000000082c00000, 0x0000000082d00000, 0x0000000082d00000|100%| O|  |TAMS 0x0000000082d00000, 0x0000000082c00000| Untracked 
|  45|0x0000000082d00000, 0x0000000082e00000, 0x0000000082e00000|100%| O|  |TAMS 0x0000000082e00000, 0x0000000082d00000| Untracked 
|  46|0x0000000082e00000, 0x0000000082f00000, 0x0000000082f00000|100%|HS|  |TAMS 0x0000000082f00000, 0x0000000082e00000| Complete 
|  47|0x0000000082f00000, 0x0000000083000000, 0x0000000083000000|100%|HC|  |TAMS 0x0000000083000000, 0x0000000082f00000| Complete 
|  48|0x0000000083000000, 0x0000000083100000, 0x0000000083100000|100%|HC|  |TAMS 0x0000000083100000, 0x0000000083000000| Complete 
|  49|0x0000000083100000, 0x0000000083200000, 0x0000000083200000|100%| O|  |TAMS 0x0000000083200000, 0x0000000083100000| Untracked 
|  50|0x0000000083200000, 0x0000000083300000, 0x0000000083300000|100%| O|  |TAMS 0x0000000083300000, 0x0000000083200000| Untracked 
|  51|0x0000000083300000, 0x0000000083400000, 0x0000000083400000|100%| O|  |TAMS 0x0000000083400000, 0x0000000083300000| Untracked 
|  52|0x0000000083400000, 0x0000000083500000, 0x0000000083500000|100%| O|  |TAMS 0x0000000083500000, 0x0000000083400000| Untracked 
|  53|0x0000000083500000, 0x0000000083600000, 0x0000000083600000|100%| O|  |TAMS 0x0000000083600000, 0x0000000083500000| Untracked 
|  54|0x0000000083600000, 0x0000000083700000, 0x0000000083700000|100%| O|  |TAMS 0x0000000083700000, 0x0000000083600000| Untracked 
|  55|0x0000000083700000, 0x0000000083800000, 0x0000000083800000|100%| O|  |TAMS 0x0000000083800000, 0x0000000083700000| Untracked 
|  56|0x0000000083800000, 0x0000000083900000, 0x0000000083900000|100%| O|  |TAMS 0x0000000083900000, 0x0000000083800000| Untracked 
|  57|0x0000000083900000, 0x0000000083a00000, 0x0000000083a00000|100%| O|  |TAMS 0x0000000083a00000, 0x0000000083900000| Untracked 
|  58|0x0000000083a00000, 0x0000000083b00000, 0x0000000083b00000|100%| O|  |TAMS 0x0000000083b00000, 0x0000000083a00000| Untracked 
|  59|0x0000000083b00000, 0x0000000083c00000, 0x0000000083c00000|100%| O|  |TAMS 0x0000000083c00000, 0x0000000083b00000| Untracked 
|  60|0x0000000083c00000, 0x0000000083d00000, 0x0000000083d00000|100%| O|  |TAMS 0x0000000083d00000, 0x0000000083c00000| Untracked 
|  61|0x0000000083d00000, 0x0000000083e00000, 0x0000000083e00000|100%| O|  |TAMS 0x0000000083e00000, 0x0000000083d00000| Untracked 
|  62|0x0000000083e00000, 0x0000000083f00000, 0x0000000083f00000|100%| O|  |TAMS 0x0000000083f00000, 0x0000000083e00000| Untracked 
|  63|0x0000000083f00000, 0x0000000084000000, 0x0000000084000000|100%| O|  |TAMS 0x0000000084000000, 0x0000000083f00000| Untracked 
|  64|0x0000000084000000, 0x0000000084100000, 0x0000000084100000|100%| O|  |TAMS 0x0000000084100000, 0x0000000084000000| Untracked 
|  65|0x0000000084100000, 0x0000000084200000, 0x0000000084200000|100%| O|  |TAMS 0x0000000084200000, 0x0000000084100000| Untracked 
|  66|0x0000000084200000, 0x0000000084300000, 0x0000000084300000|100%| O|  |TAMS 0x0000000084300000, 0x0000000084200000| Untracked 
|  67|0x0000000084300000, 0x0000000084400000, 0x0000000084400000|100%| O|  |TAMS 0x0000000084400000, 0x0000000084300000| Untracked 
|  68|0x0000000084400000, 0x0000000084500000, 0x0000000084500000|100%| O|  |TAMS 0x0000000084500000, 0x0000000084400000| Untracked 
|  69|0x0000000084500000, 0x0000000084600000, 0x0000000084600000|100%| O|  |TAMS 0x0000000084600000, 0x0000000084500000| Untracked 
|  70|0x0000000084600000, 0x0000000084700000, 0x0000000084700000|100%| O|  |TAMS 0x0000000084700000, 0x0000000084600000| Untracked 
|  71|0x0000000084700000, 0x0000000084800000, 0x0000000084800000|100%| O|  |TAMS 0x0000000084800000, 0x0000000084700000| Untracked 
|  72|0x0000000084800000, 0x0000000084900000, 0x0000000084900000|100%| O|  |TAMS 0x0000000084900000, 0x0000000084800000| Untracked 
|  73|0x0000000084900000, 0x0000000084a00000, 0x0000000084a00000|100%| O|  |TAMS 0x0000000084a00000, 0x0000000084900000| Untracked 
|  74|0x0000000084a00000, 0x0000000084b00000, 0x0000000084b00000|100%| O|  |TAMS 0x0000000084b00000, 0x0000000084a00000| Untracked 
|  75|0x0000000084b00000, 0x0000000084c00000, 0x0000000084c00000|100%| O|  |TAMS 0x0000000084c00000, 0x0000000084b00000| Untracked 
|  76|0x0000000084c00000, 0x0000000084d00000, 0x0000000084d00000|100%| O|  |TAMS 0x0000000084d00000, 0x0000000084c00000| Untracked 
|  77|0x0000000084d00000, 0x0000000084e00000, 0x0000000084e00000|100%| O|  |TAMS 0x0000000084e00000, 0x0000000084d00000| Untracked 
|  78|0x0000000084e00000, 0x0000000084f00000, 0x0000000084f00000|100%| O|  |TAMS 0x0000000084f00000, 0x0000000084e00000| Untracked 
|  79|0x0000000084f00000, 0x0000000085000000, 0x0000000085000000|100%| O|  |TAMS 0x0000000085000000, 0x0000000084f00000| Untracked 
|  80|0x0000000085000000, 0x0000000085100000, 0x0000000085100000|100%| O|  |TAMS 0x0000000085100000, 0x0000000085000000| Untracked 
|  81|0x0000000085100000, 0x0000000085200000, 0x0000000085200000|100%| O|  |TAMS 0x0000000085200000, 0x0000000085100000| Untracked 
|  82|0x0000000085200000, 0x0000000085300000, 0x0000000085300000|100%| O|  |TAMS 0x0000000085300000, 0x0000000085200000| Untracked 
|  83|0x0000000085300000, 0x0000000085400000, 0x0000000085400000|100%| O|  |TAMS 0x0000000085400000, 0x0000000085300000| Untracked 
|  84|0x0000000085400000, 0x0000000085500000, 0x0000000085500000|100%| O|  |TAMS 0x0000000085500000, 0x0000000085400000| Untracked 
|  85|0x0000000085500000, 0x0000000085600000, 0x0000000085600000|100%| O|  |TAMS 0x0000000085600000, 0x0000000085500000| Untracked 
|  86|0x0000000085600000, 0x0000000085700000, 0x0000000085700000|100%| O|  |TAMS 0x0000000085700000, 0x0000000085600000| Untracked 
|  87|0x0000000085700000, 0x0000000085800000, 0x0000000085800000|100%| O|  |TAMS 0x0000000085800000, 0x0000000085700000| Untracked 
|  88|0x0000000085800000, 0x0000000085900000, 0x0000000085900000|100%| O|  |TAMS 0x0000000085900000, 0x0000000085800000| Untracked 
|  89|0x0000000085900000, 0x0000000085a00000, 0x0000000085a00000|100%| O|  |TAMS 0x0000000085a00000, 0x0000000085900000| Untracked 
|  90|0x0000000085a00000, 0x0000000085b00000, 0x0000000085b00000|100%| O|  |TAMS 0x0000000085b00000, 0x0000000085a00000| Untracked 
|  91|0x0000000085b00000, 0x0000000085c00000, 0x0000000085c00000|100%| O|  |TAMS 0x0000000085c00000, 0x0000000085b00000| Untracked 
|  92|0x0000000085c00000, 0x0000000085d00000, 0x0000000085d00000|100%| O|  |TAMS 0x0000000085d00000, 0x0000000085c00000| Untracked 
|  93|0x0000000085d00000, 0x0000000085e00000, 0x0000000085e00000|100%| O|  |TAMS 0x0000000085e00000, 0x0000000085d00000| Untracked 
|  94|0x0000000085e00000, 0x0000000085f00000, 0x0000000085f00000|100%| O|  |TAMS 0x0000000085f00000, 0x0000000085e00000| Untracked 
|  95|0x0000000085f00000, 0x0000000086000000, 0x0000000086000000|100%| O|  |TAMS 0x0000000086000000, 0x0000000085f00000| Untracked 
|  96|0x0000000086000000, 0x0000000086100000, 0x0000000086100000|100%| O|  |TAMS 0x0000000086100000, 0x0000000086000000| Untracked 
|  97|0x0000000086100000, 0x0000000086200000, 0x0000000086200000|100%| O|  |TAMS 0x0000000086200000, 0x0000000086100000| Untracked 
|  98|0x0000000086200000, 0x0000000086300000, 0x0000000086300000|100%| O|  |TAMS 0x0000000086300000, 0x0000000086200000| Untracked 
|  99|0x0000000086300000, 0x0000000086400000, 0x0000000086400000|100%| O|  |TAMS 0x0000000086400000, 0x0000000086300000| Untracked 
| 100|0x0000000086400000, 0x0000000086500000, 0x0000000086500000|100%|HS|  |TAMS 0x0000000086500000, 0x0000000086400000| Complete 
| 101|0x0000000086500000, 0x0000000086600000, 0x0000000086600000|100%| O|  |TAMS 0x0000000086600000, 0x0000000086500000| Untracked 
| 102|0x0000000086600000, 0x0000000086700000, 0x0000000086700000|100%| O|  |TAMS 0x0000000086700000, 0x0000000086600000| Untracked 
| 103|0x0000000086700000, 0x0000000086800000, 0x0000000086800000|100%| O|  |TAMS 0x0000000086800000, 0x0000000086700000| Untracked 
| 104|0x0000000086800000, 0x0000000086900000, 0x0000000086900000|100%| O|  |TAMS 0x0000000086900000, 0x0000000086800000| Untracked 
| 105|0x0000000086900000, 0x0000000086a00000, 0x0000000086a00000|100%| O|  |TAMS 0x0000000086a00000, 0x0000000086900000| Untracked 
| 106|0x0000000086a00000, 0x0000000086b00000, 0x0000000086b00000|100%| O|  |TAMS 0x0000000086b00000, 0x0000000086a00000| Untracked 
| 107|0x0000000086b00000, 0x0000000086c00000, 0x0000000086c00000|100%| O|  |TAMS 0x0000000086c00000, 0x0000000086b00000| Untracked 
| 108|0x0000000086c00000, 0x0000000086d00000, 0x0000000086d00000|100%| O|  |TAMS 0x0000000086d00000, 0x0000000086c00000| Untracked 
| 109|0x0000000086d00000, 0x0000000086e00000, 0x0000000086e00000|100%| O|  |TAMS 0x0000000086e00000, 0x0000000086d00000| Untracked 
| 110|0x0000000086e00000, 0x0000000086f00000, 0x0000000086f00000|100%| O|  |TAMS 0x0000000086f00000, 0x0000000086e00000| Untracked 
| 111|0x0000000086f00000, 0x0000000087000000, 0x0000000087000000|100%| O|  |TAMS 0x0000000086f00000, 0x0000000086f00000| Untracked 
| 112|0x0000000087000000, 0x0000000087000000, 0x0000000087100000|  0%| F|  |TAMS 0x0000000087000000, 0x0000000087000000| Untracked 
| 113|0x0000000087100000, 0x0000000087200000, 0x0000000087200000|100%| O|  |TAMS 0x0000000087100000, 0x0000000087100000| Untracked 
| 114|0x0000000087200000, 0x0000000087300000, 0x0000000087300000|100%| O|  |TAMS 0x0000000087300000, 0x0000000087200000| Untracked 
| 115|0x0000000087300000, 0x0000000087400000, 0x0000000087400000|100%|HS|  |TAMS 0x0000000087400000, 0x0000000087300000| Complete 
| 116|0x0000000087400000, 0x0000000087500000, 0x0000000087500000|100%|HC|  |TAMS 0x0000000087500000, 0x0000000087400000| Complete 
| 117|0x0000000087500000, 0x0000000087600000, 0x0000000087600000|100%|HC|  |TAMS 0x0000000087600000, 0x0000000087500000| Complete 
| 118|0x0000000087600000, 0x0000000087700000, 0x0000000087700000|100%|HS|  |TAMS 0x0000000087700000, 0x0000000087600000| Complete 
| 119|0x0000000087700000, 0x0000000087800000, 0x0000000087800000|100%|HC|  |TAMS 0x0000000087800000, 0x0000000087700000| Complete 
| 120|0x0000000087800000, 0x0000000087900000, 0x0000000087900000|100%| O|  |TAMS 0x0000000087800000, 0x0000000087800000| Untracked 
| 121|0x0000000087900000, 0x0000000087a00000, 0x0000000087a00000|100%| O|  |TAMS 0x0000000087900000, 0x0000000087900000| Untracked 
| 122|0x0000000087a00000, 0x0000000087b00000, 0x0000000087b00000|100%| O|  |TAMS 0x0000000087b00000, 0x0000000087a00000| Untracked 
| 123|0x0000000087b00000, 0x0000000087c00000, 0x0000000087c00000|100%| O|  |TAMS 0x0000000087c00000, 0x0000000087b00000| Untracked 
| 124|0x0000000087c00000, 0x0000000087d00000, 0x0000000087d00000|100%| O|  |TAMS 0x0000000087d00000, 0x0000000087c00000| Untracked 
| 125|0x0000000087d00000, 0x0000000087e00000, 0x0000000087e00000|100%| O|  |TAMS 0x0000000087e00000, 0x0000000087d00000| Untracked 
| 126|0x0000000087e00000, 0x0000000087f00000, 0x0000000087f00000|100%| O|  |TAMS 0x0000000087f00000, 0x0000000087e00000| Untracked 
| 127|0x0000000087f00000, 0x0000000088000000, 0x0000000088000000|100%| O|  |TAMS 0x0000000088000000, 0x0000000087f00000| Untracked 
| 128|0x0000000088000000, 0x0000000088100000, 0x0000000088100000|100%| O|  |TAMS 0x0000000088100000, 0x0000000088000000| Untracked 
| 129|0x0000000088100000, 0x0000000088200000, 0x0000000088200000|100%| O|  |TAMS 0x0000000088200000, 0x0000000088100000| Untracked 
| 130|0x0000000088200000, 0x0000000088300000, 0x0000000088300000|100%| O|  |TAMS 0x0000000088300000, 0x0000000088200000| Untracked 
| 131|0x0000000088300000, 0x0000000088400000, 0x0000000088400000|100%| O|  |TAMS 0x0000000088400000, 0x0000000088300000| Untracked 
| 132|0x0000000088400000, 0x0000000088500000, 0x0000000088500000|100%| O|  |TAMS 0x0000000088500000, 0x0000000088400000| Untracked 
| 133|0x0000000088500000, 0x0000000088600000, 0x0000000088600000|100%| O|  |TAMS 0x0000000088600000, 0x0000000088500000| Untracked 
| 134|0x0000000088600000, 0x0000000088600000, 0x0000000088700000|  0%| F|  |TAMS 0x0000000088600000, 0x0000000088600000| Untracked 
| 135|0x0000000088700000, 0x0000000088800000, 0x0000000088800000|100%| O|  |TAMS 0x0000000088800000, 0x0000000088700000| Untracked 
| 136|0x0000000088800000, 0x0000000088900000, 0x0000000088900000|100%| O|  |TAMS 0x0000000088900000, 0x0000000088800000| Untracked 
| 137|0x0000000088900000, 0x0000000088900000, 0x0000000088a00000|  0%| F|  |TAMS 0x0000000088900000, 0x0000000088900000| Untracked 
| 138|0x0000000088a00000, 0x0000000088b00000, 0x0000000088b00000|100%| O|  |TAMS 0x0000000088a00000, 0x0000000088a00000| Untracked 
| 139|0x0000000088b00000, 0x0000000088c00000, 0x0000000088c00000|100%| O|  |TAMS 0x0000000088b00000, 0x0000000088b00000| Untracked 
| 140|0x0000000088c00000, 0x0000000088d00000, 0x0000000088d00000|100%| O|  |TAMS 0x0000000088c00000, 0x0000000088c00000| Untracked 
| 141|0x0000000088d00000, 0x0000000088e00000, 0x0000000088e00000|100%| O|  |TAMS 0x0000000088e00000, 0x0000000088d00000| Untracked 
| 142|0x0000000088e00000, 0x0000000088f00000, 0x0000000088f00000|100%| O|  |TAMS 0x0000000088f00000, 0x0000000088e00000| Untracked 
| 143|0x0000000088f00000, 0x0000000089000000, 0x0000000089000000|100%| O|  |TAMS 0x0000000089000000, 0x0000000088f00000| Untracked 
| 144|0x0000000089000000, 0x0000000089100000, 0x0000000089100000|100%| O|  |TAMS 0x0000000089100000, 0x0000000089000000| Untracked 
| 145|0x0000000089100000, 0x0000000089200000, 0x0000000089200000|100%| O|  |TAMS 0x0000000089200000, 0x0000000089100000| Untracked 
| 146|0x0000000089200000, 0x0000000089300000, 0x0000000089300000|100%| O|  |TAMS 0x0000000089300000, 0x0000000089200000| Untracked 
| 147|0x0000000089300000, 0x0000000089400000, 0x0000000089400000|100%| O|  |TAMS 0x0000000089400000, 0x0000000089300000| Untracked 
| 148|0x0000000089400000, 0x0000000089500000, 0x0000000089500000|100%| O|  |TAMS 0x0000000089500000, 0x0000000089400000| Untracked 
| 149|0x0000000089500000, 0x0000000089600000, 0x0000000089600000|100%| O|  |TAMS 0x0000000089600000, 0x0000000089500000| Untracked 
| 150|0x0000000089600000, 0x0000000089700000, 0x0000000089700000|100%| O|  |TAMS 0x0000000089700000, 0x0000000089600000| Untracked 
| 151|0x0000000089700000, 0x0000000089800000, 0x0000000089800000|100%| O|  |TAMS 0x0000000089800000, 0x0000000089700000| Untracked 
| 152|0x0000000089800000, 0x0000000089900000, 0x0000000089900000|100%| O|  |TAMS 0x0000000089900000, 0x0000000089800000| Untracked 
| 153|0x0000000089900000, 0x0000000089a00000, 0x0000000089a00000|100%| O|  |TAMS 0x0000000089a00000, 0x0000000089900000| Untracked 
| 154|0x0000000089a00000, 0x0000000089b00000, 0x0000000089b00000|100%| O|  |TAMS 0x0000000089b00000, 0x0000000089a00000| Untracked 
| 155|0x0000000089b00000, 0x0000000089c00000, 0x0000000089c00000|100%| O|  |TAMS 0x0000000089c00000, 0x0000000089b00000| Untracked 
| 156|0x0000000089c00000, 0x0000000089d00000, 0x0000000089d00000|100%| O|  |TAMS 0x0000000089d00000, 0x0000000089c00000| Untracked 
| 157|0x0000000089d00000, 0x0000000089e00000, 0x0000000089e00000|100%| O|  |TAMS 0x0000000089e00000, 0x0000000089d00000| Untracked 
| 158|0x0000000089e00000, 0x0000000089f00000, 0x0000000089f00000|100%| O|  |TAMS 0x0000000089f00000, 0x0000000089e00000| Untracked 
| 159|0x0000000089f00000, 0x000000008a000000, 0x000000008a000000|100%| O|  |TAMS 0x000000008a000000, 0x0000000089f00000| Untracked 
| 160|0x000000008a000000, 0x000000008a100000, 0x000000008a100000|100%| O|  |TAMS 0x000000008a100000, 0x000000008a000000| Untracked 
| 161|0x000000008a100000, 0x000000008a200000, 0x000000008a200000|100%| O|  |TAMS 0x000000008a200000, 0x000000008a100000| Untracked 
| 162|0x000000008a200000, 0x000000008a300000, 0x000000008a300000|100%| O|  |TAMS 0x000000008a300000, 0x000000008a200000| Untracked 
| 163|0x000000008a300000, 0x000000008a400000, 0x000000008a400000|100%| O|  |TAMS 0x000000008a400000, 0x000000008a300000| Untracked 
| 164|0x000000008a400000, 0x000000008a500000, 0x000000008a500000|100%| O|  |TAMS 0x000000008a500000, 0x000000008a400000| Untracked 
| 165|0x000000008a500000, 0x000000008a600000, 0x000000008a600000|100%| O|  |TAMS 0x000000008a600000, 0x000000008a500000| Untracked 
| 166|0x000000008a600000, 0x000000008a700000, 0x000000008a700000|100%| O|  |TAMS 0x000000008a700000, 0x000000008a600000| Untracked 
| 167|0x000000008a700000, 0x000000008a800000, 0x000000008a800000|100%| O|  |TAMS 0x000000008a800000, 0x000000008a700000| Untracked 
| 168|0x000000008a800000, 0x000000008a900000, 0x000000008a900000|100%| O|  |TAMS 0x000000008a900000, 0x000000008a800000| Untracked 
| 169|0x000000008a900000, 0x000000008aa00000, 0x000000008aa00000|100%| O|  |TAMS 0x000000008aa00000, 0x000000008a900000| Untracked 
| 170|0x000000008aa00000, 0x000000008ab00000, 0x000000008ab00000|100%| O|  |TAMS 0x000000008ab00000, 0x000000008aa00000| Untracked 
| 171|0x000000008ab00000, 0x000000008ac00000, 0x000000008ac00000|100%| O|  |TAMS 0x000000008ac00000, 0x000000008ab00000| Untracked 
| 172|0x000000008ac00000, 0x000000008ad00000, 0x000000008ad00000|100%| O|  |TAMS 0x000000008ad00000, 0x000000008ac00000| Untracked 
| 173|0x000000008ad00000, 0x000000008ae00000, 0x000000008ae00000|100%| O|  |TAMS 0x000000008ae00000, 0x000000008ad00000| Untracked 
| 174|0x000000008ae00000, 0x000000008af00000, 0x000000008af00000|100%| O|  |TAMS 0x000000008af00000, 0x000000008ae00000| Untracked 
| 175|0x000000008af00000, 0x000000008b000000, 0x000000008b000000|100%| O|  |TAMS 0x000000008b000000, 0x000000008af00000| Untracked 
| 176|0x000000008b000000, 0x000000008b100000, 0x000000008b100000|100%| O|  |TAMS 0x000000008b100000, 0x000000008b000000| Untracked 
| 177|0x000000008b100000, 0x000000008b200000, 0x000000008b200000|100%| O|  |TAMS 0x000000008b200000, 0x000000008b100000| Untracked 
| 178|0x000000008b200000, 0x000000008b200000, 0x000000008b300000|  0%| F|  |TAMS 0x000000008b200000, 0x000000008b200000| Untracked 
| 179|0x000000008b300000, 0x000000008b400000, 0x000000008b400000|100%| O|  |TAMS 0x000000008b400000, 0x000000008b300000| Untracked 
| 180|0x000000008b400000, 0x000000008b500000, 0x000000008b500000|100%| O|  |TAMS 0x000000008b500000, 0x000000008b400000| Untracked 
| 181|0x000000008b500000, 0x000000008b600000, 0x000000008b600000|100%| O|  |TAMS 0x000000008b600000, 0x000000008b500000| Untracked 
| 182|0x000000008b600000, 0x000000008b700000, 0x000000008b700000|100%| O|  |TAMS 0x000000008b700000, 0x000000008b600000| Untracked 
| 183|0x000000008b700000, 0x000000008b800000, 0x000000008b800000|100%| O|  |TAMS 0x000000008b800000, 0x000000008b700000| Untracked 
| 184|0x000000008b800000, 0x000000008b900000, 0x000000008b900000|100%| O|  |TAMS 0x000000008b900000, 0x000000008b800000| Untracked 
| 185|0x000000008b900000, 0x000000008ba00000, 0x000000008ba00000|100%| O|  |TAMS 0x000000008ba00000, 0x000000008b900000| Untracked 
| 186|0x000000008ba00000, 0x000000008bb00000, 0x000000008bb00000|100%| O|  |TAMS 0x000000008bb00000, 0x000000008ba00000| Untracked 
| 187|0x000000008bb00000, 0x000000008bc00000, 0x000000008bc00000|100%| O|  |TAMS 0x000000008bc00000, 0x000000008bb00000| Untracked 
| 188|0x000000008bc00000, 0x000000008bd00000, 0x000000008bd00000|100%| O|  |TAMS 0x000000008bc00000, 0x000000008bc00000| Untracked 
| 189|0x000000008bd00000, 0x000000008be00000, 0x000000008be00000|100%| O|  |TAMS 0x000000008bd00000, 0x000000008bd00000| Untracked 
| 190|0x000000008be00000, 0x000000008bf00000, 0x000000008bf00000|100%| O|  |TAMS 0x000000008be00000, 0x000000008be00000| Untracked 
| 191|0x000000008bf00000, 0x000000008c000000, 0x000000008c000000|100%| O|  |TAMS 0x000000008bf00000, 0x000000008bf00000| Untracked 
| 192|0x000000008c000000, 0x000000008c100000, 0x000000008c100000|100%| O|  |TAMS 0x000000008c000000, 0x000000008c000000| Untracked 
| 193|0x000000008c100000, 0x000000008c200000, 0x000000008c200000|100%| O|  |TAMS 0x000000008c100000, 0x000000008c100000| Untracked 
| 194|0x000000008c200000, 0x000000008c300000, 0x000000008c300000|100%| O|  |TAMS 0x000000008c200000, 0x000000008c200000| Untracked 
| 195|0x000000008c300000, 0x000000008c400000, 0x000000008c400000|100%| O|  |TAMS 0x000000008c300000, 0x000000008c300000| Untracked 
| 196|0x000000008c400000, 0x000000008c500000, 0x000000008c500000|100%| O|  |TAMS 0x000000008c400000, 0x000000008c400000| Untracked 
| 197|0x000000008c500000, 0x000000008c600000, 0x000000008c600000|100%| O|  |TAMS 0x000000008c500000, 0x000000008c500000| Untracked 
| 198|0x000000008c600000, 0x000000008c700000, 0x000000008c700000|100%| O|  |TAMS 0x000000008c600000, 0x000000008c600000| Untracked 
| 199|0x000000008c700000, 0x000000008c800000, 0x000000008c800000|100%| O|  |TAMS 0x000000008c700000, 0x000000008c700000| Untracked 
| 200|0x000000008c800000, 0x000000008c900000, 0x000000008c900000|100%| O|  |TAMS 0x000000008c800000, 0x000000008c800000| Untracked 
| 201|0x000000008c900000, 0x000000008ca00000, 0x000000008ca00000|100%| O|  |TAMS 0x000000008c900000, 0x000000008c900000| Untracked 
| 202|0x000000008ca00000, 0x000000008cb00000, 0x000000008cb00000|100%| O|  |TAMS 0x000000008ca00000, 0x000000008ca00000| Untracked 
| 203|0x000000008cb00000, 0x000000008cc00000, 0x000000008cc00000|100%| O|  |TAMS 0x000000008cb00000, 0x000000008cb00000| Untracked 
| 204|0x000000008cc00000, 0x000000008cd00000, 0x000000008cd00000|100%| O|  |TAMS 0x000000008cc00000, 0x000000008cc00000| Untracked 
| 205|0x000000008cd00000, 0x000000008ce00000, 0x000000008ce00000|100%| O|  |TAMS 0x000000008ce00000, 0x000000008cd00000| Untracked 
| 206|0x000000008ce00000, 0x000000008cf00000, 0x000000008cf00000|100%| O|  |TAMS 0x000000008cf00000, 0x000000008ce00000| Untracked 
| 207|0x000000008cf00000, 0x000000008d000000, 0x000000008d000000|100%| O|  |TAMS 0x000000008d000000, 0x000000008cf00000| Untracked 
| 208|0x000000008d000000, 0x000000008d100000, 0x000000008d100000|100%| O|  |TAMS 0x000000008d100000, 0x000000008d000000| Untracked 
| 209|0x000000008d100000, 0x000000008d200000, 0x000000008d200000|100%| O|  |TAMS 0x000000008d200000, 0x000000008d100000| Untracked 
| 210|0x000000008d200000, 0x000000008d300000, 0x000000008d300000|100%| O|  |TAMS 0x000000008d300000, 0x000000008d200000| Untracked 
| 211|0x000000008d300000, 0x000000008d400000, 0x000000008d400000|100%| O|  |TAMS 0x000000008d400000, 0x000000008d300000| Untracked 
| 212|0x000000008d400000, 0x000000008d500000, 0x000000008d500000|100%| O|  |TAMS 0x000000008d500000, 0x000000008d400000| Untracked 
| 213|0x000000008d500000, 0x000000008d600000, 0x000000008d600000|100%| O|  |TAMS 0x000000008d600000, 0x000000008d500000| Untracked 
| 214|0x000000008d600000, 0x000000008d700000, 0x000000008d700000|100%| O|  |TAMS 0x000000008d700000, 0x000000008d600000| Untracked 
| 215|0x000000008d700000, 0x000000008d800000, 0x000000008d800000|100%| O|  |TAMS 0x000000008d800000, 0x000000008d700000| Untracked 
| 216|0x000000008d800000, 0x000000008d900000, 0x000000008d900000|100%| O|  |TAMS 0x000000008d900000, 0x000000008d800000| Untracked 
| 217|0x000000008d900000, 0x000000008da00000, 0x000000008da00000|100%| O|  |TAMS 0x000000008da00000, 0x000000008d900000| Untracked 
| 218|0x000000008da00000, 0x000000008db00000, 0x000000008db00000|100%| O|  |TAMS 0x000000008db00000, 0x000000008da00000| Untracked 
| 219|0x000000008db00000, 0x000000008dc00000, 0x000000008dc00000|100%| O|  |TAMS 0x000000008dc00000, 0x000000008db00000| Untracked 
| 220|0x000000008dc00000, 0x000000008dc00000, 0x000000008dd00000|  0%| F|  |TAMS 0x000000008dc00000, 0x000000008dc00000| Untracked 
| 221|0x000000008dd00000, 0x000000008de00000, 0x000000008de00000|100%| O|  |TAMS 0x000000008dd00000, 0x000000008dd00000| Untracked 
| 222|0x000000008de00000, 0x000000008df00000, 0x000000008df00000|100%| O|  |TAMS 0x000000008de00000, 0x000000008de00000| Untracked 
| 223|0x000000008df00000, 0x000000008e000000, 0x000000008e000000|100%| O|  |TAMS 0x000000008df00000, 0x000000008df00000| Untracked 
| 224|0x000000008e000000, 0x000000008e100000, 0x000000008e100000|100%| O|  |TAMS 0x000000008e000000, 0x000000008e000000| Untracked 
| 225|0x000000008e100000, 0x000000008e200000, 0x000000008e200000|100%| O|  |TAMS 0x000000008e100000, 0x000000008e100000| Untracked 
| 226|0x000000008e200000, 0x000000008e300000, 0x000000008e300000|100%| O|  |TAMS 0x000000008e200000, 0x000000008e200000| Untracked 
| 227|0x000000008e300000, 0x000000008e400000, 0x000000008e400000|100%| O|  |TAMS 0x000000008e300000, 0x000000008e300000| Untracked 
| 228|0x000000008e400000, 0x000000008e500000, 0x000000008e500000|100%| O|  |TAMS 0x000000008e400000, 0x000000008e400000| Untracked 
| 229|0x000000008e500000, 0x000000008e600000, 0x000000008e600000|100%| O|  |TAMS 0x000000008e500000, 0x000000008e500000| Untracked 
| 230|0x000000008e600000, 0x000000008e700000, 0x000000008e700000|100%| O|  |TAMS 0x000000008e600000, 0x000000008e600000| Untracked 
| 231|0x000000008e700000, 0x000000008e800000, 0x000000008e800000|100%| O|  |TAMS 0x000000008e700000, 0x000000008e700000| Untracked 
| 232|0x000000008e800000, 0x000000008e900000, 0x000000008e900000|100%| O|  |TAMS 0x000000008e800000, 0x000000008e800000| Untracked 
| 233|0x000000008e900000, 0x000000008ea00000, 0x000000008ea00000|100%| O|  |TAMS 0x000000008e900000, 0x000000008e900000| Untracked 
| 234|0x000000008ea00000, 0x000000008eb00000, 0x000000008eb00000|100%| O|  |TAMS 0x000000008ea00000, 0x000000008ea00000| Untracked 
| 235|0x000000008eb00000, 0x000000008ec00000, 0x000000008ec00000|100%| O|  |TAMS 0x000000008eb00000, 0x000000008eb00000| Untracked 
| 236|0x000000008ec00000, 0x000000008ed00000, 0x000000008ed00000|100%| O|  |TAMS 0x000000008ec00000, 0x000000008ec00000| Untracked 
| 237|0x000000008ed00000, 0x000000008ee00000, 0x000000008ee00000|100%| O|  |TAMS 0x000000008ed00000, 0x000000008ed00000| Untracked 
| 238|0x000000008ee00000, 0x000000008ef00000, 0x000000008ef00000|100%| O|  |TAMS 0x000000008ee00000, 0x000000008ee00000| Untracked 
| 239|0x000000008ef00000, 0x000000008f000000, 0x000000008f000000|100%| O|  |TAMS 0x000000008ef00000, 0x000000008ef00000| Untracked 
| 240|0x000000008f000000, 0x000000008f100000, 0x000000008f100000|100%| O|  |TAMS 0x000000008f000000, 0x000000008f000000| Untracked 
| 241|0x000000008f100000, 0x000000008f200000, 0x000000008f200000|100%| O|  |TAMS 0x000000008f100000, 0x000000008f100000| Untracked 
| 242|0x000000008f200000, 0x000000008f300000, 0x000000008f300000|100%| O|  |TAMS 0x000000008f200000, 0x000000008f200000| Untracked 
| 243|0x000000008f300000, 0x000000008f400000, 0x000000008f400000|100%| O|  |TAMS 0x000000008f300000, 0x000000008f300000| Untracked 
| 244|0x000000008f400000, 0x000000008f500000, 0x000000008f500000|100%| O|  |TAMS 0x000000008f400000, 0x000000008f400000| Untracked 
| 245|0x000000008f500000, 0x000000008f600000, 0x000000008f600000|100%| O|  |TAMS 0x000000008f500000, 0x000000008f500000| Untracked 
| 246|0x000000008f600000, 0x000000008f700000, 0x000000008f700000|100%| O|  |TAMS 0x000000008f600000, 0x000000008f600000| Untracked 
| 247|0x000000008f700000, 0x000000008f800000, 0x000000008f800000|100%| O|  |TAMS 0x000000008f700000, 0x000000008f700000| Untracked 
| 248|0x000000008f800000, 0x000000008f900000, 0x000000008f900000|100%| O|  |TAMS 0x000000008f800000, 0x000000008f800000| Untracked 
| 249|0x000000008f900000, 0x000000008fa00000, 0x000000008fa00000|100%| O|  |TAMS 0x000000008f900000, 0x000000008f900000| Untracked 
| 250|0x000000008fa00000, 0x000000008fb00000, 0x000000008fb00000|100%| O|  |TAMS 0x000000008fa00000, 0x000000008fa00000| Untracked 
| 251|0x000000008fb00000, 0x000000008fc00000, 0x000000008fc00000|100%| O|  |TAMS 0x000000008fb00000, 0x000000008fb00000| Untracked 
| 252|0x000000008fc00000, 0x000000008fd00000, 0x000000008fd00000|100%| O|  |TAMS 0x000000008fc00000, 0x000000008fc00000| Untracked 
| 253|0x000000008fd00000, 0x000000008fe00000, 0x000000008fe00000|100%| O|  |TAMS 0x000000008fd00000, 0x000000008fd00000| Untracked 
| 254|0x000000008fe00000, 0x000000008ff00000, 0x000000008ff00000|100%| O|  |TAMS 0x000000008fe00000, 0x000000008fe00000| Untracked 
| 255|0x000000008ff00000, 0x0000000090000000, 0x0000000090000000|100%| O|  |TAMS 0x000000008ff00000, 0x000000008ff00000| Untracked 
| 256|0x0000000090000000, 0x0000000090100000, 0x0000000090100000|100%| O|  |TAMS 0x0000000090000000, 0x0000000090000000| Untracked 
| 257|0x0000000090100000, 0x0000000090200000, 0x0000000090200000|100%| O|  |TAMS 0x0000000090100000, 0x0000000090100000| Untracked 
| 258|0x0000000090200000, 0x0000000090300000, 0x0000000090300000|100%| O|  |TAMS 0x0000000090200000, 0x0000000090200000| Untracked 
| 259|0x0000000090300000, 0x0000000090400000, 0x0000000090400000|100%| O|  |TAMS 0x0000000090300000, 0x0000000090300000| Untracked 
| 260|0x0000000090400000, 0x0000000090500000, 0x0000000090500000|100%| O|  |TAMS 0x0000000090400000, 0x0000000090400000| Untracked 
| 261|0x0000000090500000, 0x0000000090600000, 0x0000000090600000|100%| O|  |TAMS 0x0000000090500000, 0x0000000090500000| Untracked 
| 262|0x0000000090600000, 0x0000000090700000, 0x0000000090700000|100%| O|  |TAMS 0x0000000090600000, 0x0000000090600000| Untracked 
| 263|0x0000000090700000, 0x0000000090800000, 0x0000000090800000|100%| O|  |TAMS 0x0000000090700000, 0x0000000090700000| Untracked 
| 264|0x0000000090800000, 0x0000000090900000, 0x0000000090900000|100%| O|  |TAMS 0x0000000090800000, 0x0000000090800000| Untracked 
| 265|0x0000000090900000, 0x0000000090a00000, 0x0000000090a00000|100%| O|  |TAMS 0x0000000090900000, 0x0000000090900000| Untracked 
| 266|0x0000000090a00000, 0x0000000090b00000, 0x0000000090b00000|100%| O|  |TAMS 0x0000000090a00000, 0x0000000090a00000| Untracked 
| 267|0x0000000090b00000, 0x0000000090c00000, 0x0000000090c00000|100%| O|  |TAMS 0x0000000090b00000, 0x0000000090b00000| Untracked 
| 268|0x0000000090c00000, 0x0000000090d00000, 0x0000000090d00000|100%| O|  |TAMS 0x0000000090c00000, 0x0000000090c00000| Untracked 
| 269|0x0000000090d00000, 0x0000000090e00000, 0x0000000090e00000|100%| O|  |TAMS 0x0000000090d00000, 0x0000000090d00000| Untracked 
| 270|0x0000000090e00000, 0x0000000090f00000, 0x0000000090f00000|100%| O|  |TAMS 0x0000000090e00000, 0x0000000090e00000| Untracked 
| 271|0x0000000090f00000, 0x0000000091000000, 0x0000000091000000|100%| O|  |TAMS 0x0000000090f00000, 0x0000000090f00000| Untracked 
| 272|0x0000000091000000, 0x0000000091100000, 0x0000000091100000|100%| O|  |TAMS 0x0000000091000000, 0x0000000091000000| Untracked 
| 273|0x0000000091100000, 0x0000000091200000, 0x0000000091200000|100%| O|  |TAMS 0x0000000091100000, 0x0000000091100000| Untracked 
| 274|0x0000000091200000, 0x0000000091300000, 0x0000000091300000|100%| O|  |TAMS 0x0000000091200000, 0x0000000091200000| Untracked 
| 275|0x0000000091300000, 0x0000000091400000, 0x0000000091400000|100%| O|  |TAMS 0x0000000091300000, 0x0000000091300000| Untracked 
| 276|0x0000000091400000, 0x0000000091500000, 0x0000000091500000|100%| O|  |TAMS 0x0000000091400000, 0x0000000091400000| Untracked 
| 277|0x0000000091500000, 0x0000000091600000, 0x0000000091600000|100%| O|  |TAMS 0x0000000091500000, 0x0000000091500000| Untracked 
| 278|0x0000000091600000, 0x0000000091700000, 0x0000000091700000|100%| O|  |TAMS 0x0000000091600000, 0x0000000091600000| Untracked 
| 279|0x0000000091700000, 0x0000000091800000, 0x0000000091800000|100%| O|  |TAMS 0x0000000091700000, 0x0000000091700000| Untracked 
| 280|0x0000000091800000, 0x0000000091900000, 0x0000000091900000|100%| O|  |TAMS 0x0000000091800000, 0x0000000091800000| Untracked 
| 281|0x0000000091900000, 0x0000000091a00000, 0x0000000091a00000|100%| O|  |TAMS 0x0000000091900000, 0x0000000091900000| Untracked 
| 282|0x0000000091a00000, 0x0000000091b00000, 0x0000000091b00000|100%| O|  |TAMS 0x0000000091a00000, 0x0000000091a00000| Untracked 
| 283|0x0000000091b00000, 0x0000000091c00000, 0x0000000091c00000|100%| O|  |TAMS 0x0000000091b00000, 0x0000000091b00000| Untracked 
| 284|0x0000000091c00000, 0x0000000091d00000, 0x0000000091d00000|100%| O|  |TAMS 0x0000000091c00000, 0x0000000091c00000| Untracked 
| 285|0x0000000091d00000, 0x0000000091e00000, 0x0000000091e00000|100%| O|  |TAMS 0x0000000091d00000, 0x0000000091d00000| Untracked 
| 286|0x0000000091e00000, 0x0000000091f00000, 0x0000000091f00000|100%| O|  |TAMS 0x0000000091e00000, 0x0000000091e00000| Untracked 
| 287|0x0000000091f00000, 0x0000000092000000, 0x0000000092000000|100%| O|  |TAMS 0x0000000091f00000, 0x0000000091f00000| Untracked 
| 288|0x0000000092000000, 0x0000000092100000, 0x0000000092100000|100%| O|  |TAMS 0x0000000092000000, 0x0000000092000000| Untracked 
| 289|0x0000000092100000, 0x0000000092200000, 0x0000000092200000|100%| O|  |TAMS 0x0000000092100000, 0x0000000092100000| Untracked 
| 290|0x0000000092200000, 0x0000000092300000, 0x0000000092300000|100%| O|  |TAMS 0x0000000092200000, 0x0000000092200000| Untracked 
| 291|0x0000000092300000, 0x0000000092400000, 0x0000000092400000|100%| O|  |TAMS 0x0000000092300000, 0x0000000092300000| Untracked 
| 292|0x0000000092400000, 0x0000000092500000, 0x0000000092500000|100%| O|  |TAMS 0x0000000092400000, 0x0000000092400000| Untracked 
| 293|0x0000000092500000, 0x0000000092600000, 0x0000000092600000|100%| O|  |TAMS 0x0000000092500000, 0x0000000092500000| Untracked 
| 294|0x0000000092600000, 0x0000000092700000, 0x0000000092700000|100%| O|  |TAMS 0x0000000092600000, 0x0000000092600000| Untracked 
| 295|0x0000000092700000, 0x0000000092800000, 0x0000000092800000|100%| O|  |TAMS 0x0000000092700000, 0x0000000092700000| Untracked 
| 296|0x0000000092800000, 0x0000000092900000, 0x0000000092900000|100%| O|  |TAMS 0x0000000092800000, 0x0000000092800000| Untracked 
| 297|0x0000000092900000, 0x0000000092a00000, 0x0000000092a00000|100%| O|  |TAMS 0x0000000092900000, 0x0000000092900000| Untracked 
| 298|0x0000000092a00000, 0x0000000092a80000, 0x0000000092b00000| 50%| O|  |TAMS 0x0000000092a00000, 0x0000000092a00000| Untracked 
| 299|0x0000000092b00000, 0x0000000092b00000, 0x0000000092c00000|  0%| F|  |TAMS 0x0000000092b00000, 0x0000000092b00000| Untracked 
| 300|0x0000000092c00000, 0x0000000092c00000, 0x0000000092d00000|  0%| F|  |TAMS 0x0000000092c00000, 0x0000000092c00000| Untracked 
| 301|0x0000000092d00000, 0x0000000092d00000, 0x0000000092e00000|  0%| F|  |TAMS 0x0000000092d00000, 0x0000000092d00000| Untracked 
| 302|0x0000000092e00000, 0x0000000092e00000, 0x0000000092f00000|  0%| F|  |TAMS 0x0000000092e00000, 0x0000000092e00000| Untracked 
| 303|0x0000000092f00000, 0x0000000092f00000, 0x0000000093000000|  0%| F|  |TAMS 0x0000000092f00000, 0x0000000092f00000| Untracked 
| 304|0x0000000093000000, 0x0000000093000000, 0x0000000093100000|  0%| F|  |TAMS 0x0000000093000000, 0x0000000093000000| Untracked 
| 305|0x0000000093100000, 0x0000000093100000, 0x0000000093200000|  0%| F|  |TAMS 0x0000000093100000, 0x0000000093100000| Untracked 
| 306|0x0000000093200000, 0x0000000093200000, 0x0000000093300000|  0%| F|  |TAMS 0x0000000093200000, 0x0000000093200000| Untracked 
| 307|0x0000000093300000, 0x0000000093300000, 0x0000000093400000|  0%| F|  |TAMS 0x0000000093300000, 0x0000000093300000| Untracked 
| 308|0x0000000093400000, 0x0000000093400000, 0x0000000093500000|  0%| F|  |TAMS 0x0000000093400000, 0x0000000093400000| Untracked 
| 309|0x0000000093500000, 0x0000000093500000, 0x0000000093600000|  0%| F|  |TAMS 0x0000000093500000, 0x0000000093500000| Untracked 
| 310|0x0000000093600000, 0x0000000093600000, 0x0000000093700000|  0%| F|  |TAMS 0x0000000093600000, 0x0000000093600000| Untracked 
| 311|0x0000000093700000, 0x0000000093700000, 0x0000000093800000|  0%| F|  |TAMS 0x0000000093700000, 0x0000000093700000| Untracked 
| 312|0x0000000093800000, 0x0000000093800000, 0x0000000093900000|  0%| F|  |TAMS 0x0000000093800000, 0x0000000093800000| Untracked 
| 313|0x0000000093900000, 0x0000000093900000, 0x0000000093a00000|  0%| F|  |TAMS 0x0000000093900000, 0x0000000093900000| Untracked 
| 314|0x0000000093a00000, 0x0000000093a00000, 0x0000000093b00000|  0%| F|  |TAMS 0x0000000093a00000, 0x0000000093a00000| Untracked 
| 315|0x0000000093b00000, 0x0000000093b00000, 0x0000000093c00000|  0%| F|  |TAMS 0x0000000093b00000, 0x0000000093b00000| Untracked 
| 316|0x0000000093c00000, 0x0000000093c00000, 0x0000000093d00000|  0%| F|  |TAMS 0x0000000093c00000, 0x0000000093c00000| Untracked 
| 317|0x0000000093d00000, 0x0000000093d00000, 0x0000000093e00000|  0%| F|  |TAMS 0x0000000093d00000, 0x0000000093d00000| Untracked 
| 318|0x0000000093e00000, 0x0000000093e00000, 0x0000000093f00000|  0%| F|  |TAMS 0x0000000093e00000, 0x0000000093e00000| Untracked 
| 319|0x0000000093f00000, 0x0000000093f00000, 0x0000000094000000|  0%| F|  |TAMS 0x0000000093f00000, 0x0000000093f00000| Untracked 
| 320|0x0000000094000000, 0x0000000094000000, 0x0000000094100000|  0%| F|  |TAMS 0x0000000094000000, 0x0000000094000000| Untracked 
| 321|0x0000000094100000, 0x0000000094100000, 0x0000000094200000|  0%| F|  |TAMS 0x0000000094100000, 0x0000000094100000| Untracked 
| 322|0x0000000094200000, 0x0000000094200000, 0x0000000094300000|  0%| F|  |TAMS 0x0000000094200000, 0x0000000094200000| Untracked 
| 323|0x0000000094300000, 0x0000000094300000, 0x0000000094400000|  0%| F|  |TAMS 0x0000000094300000, 0x0000000094300000| Untracked 
| 324|0x0000000094400000, 0x0000000094400000, 0x0000000094500000|  0%| F|  |TAMS 0x0000000094400000, 0x0000000094400000| Untracked 
| 325|0x0000000094500000, 0x0000000094500000, 0x0000000094600000|  0%| F|  |TAMS 0x0000000094500000, 0x0000000094500000| Untracked 
| 326|0x0000000094600000, 0x0000000094600000, 0x0000000094700000|  0%| F|  |TAMS 0x0000000094600000, 0x0000000094600000| Untracked 
| 327|0x0000000094700000, 0x0000000094700000, 0x0000000094800000|  0%| F|  |TAMS 0x0000000094700000, 0x0000000094700000| Untracked 
| 328|0x0000000094800000, 0x0000000094800000, 0x0000000094900000|  0%| F|  |TAMS 0x0000000094800000, 0x0000000094800000| Untracked 
| 329|0x0000000094900000, 0x0000000094900000, 0x0000000094a00000|  0%| F|  |TAMS 0x0000000094900000, 0x0000000094900000| Untracked 
| 330|0x0000000094a00000, 0x0000000094a00000, 0x0000000094b00000|  0%| F|  |TAMS 0x0000000094a00000, 0x0000000094a00000| Untracked 
| 331|0x0000000094b00000, 0x0000000094b00000, 0x0000000094c00000|  0%| F|  |TAMS 0x0000000094b00000, 0x0000000094b00000| Untracked 
| 332|0x0000000094c00000, 0x0000000094c00000, 0x0000000094d00000|  0%| F|  |TAMS 0x0000000094c00000, 0x0000000094c00000| Untracked 
| 333|0x0000000094d00000, 0x0000000094d00000, 0x0000000094e00000|  0%| F|  |TAMS 0x0000000094d00000, 0x0000000094d00000| Untracked 
| 334|0x0000000094e00000, 0x0000000094e00000, 0x0000000094f00000|  0%| F|  |TAMS 0x0000000094e00000, 0x0000000094e00000| Untracked 
| 335|0x0000000094f00000, 0x0000000094f00000, 0x0000000095000000|  0%| F|  |TAMS 0x0000000094f00000, 0x0000000094f00000| Untracked 
| 336|0x0000000095000000, 0x0000000095000000, 0x0000000095100000|  0%| F|  |TAMS 0x0000000095000000, 0x0000000095000000| Untracked 
| 337|0x0000000095100000, 0x0000000095100000, 0x0000000095200000|  0%| F|  |TAMS 0x0000000095100000, 0x0000000095100000| Untracked 
| 338|0x0000000095200000, 0x0000000095200000, 0x0000000095300000|  0%| F|  |TAMS 0x0000000095200000, 0x0000000095200000| Untracked 
| 339|0x0000000095300000, 0x0000000095300000, 0x0000000095400000|  0%| F|  |TAMS 0x0000000095300000, 0x0000000095300000| Untracked 
| 340|0x0000000095400000, 0x0000000095400000, 0x0000000095500000|  0%| F|  |TAMS 0x0000000095400000, 0x0000000095400000| Untracked 
| 341|0x0000000095500000, 0x0000000095500000, 0x0000000095600000|  0%| F|  |TAMS 0x0000000095500000, 0x0000000095500000| Untracked 
| 342|0x0000000095600000, 0x0000000095600000, 0x0000000095700000|  0%| F|  |TAMS 0x0000000095600000, 0x0000000095600000| Untracked 
| 343|0x0000000095700000, 0x0000000095700000, 0x0000000095800000|  0%| F|  |TAMS 0x0000000095700000, 0x0000000095700000| Untracked 
| 344|0x0000000095800000, 0x0000000095800000, 0x0000000095900000|  0%| F|  |TAMS 0x0000000095800000, 0x0000000095800000| Untracked 
| 345|0x0000000095900000, 0x0000000095900000, 0x0000000095a00000|  0%| F|  |TAMS 0x0000000095900000, 0x0000000095900000| Untracked 
| 346|0x0000000095a00000, 0x0000000095a00000, 0x0000000095b00000|  0%| F|  |TAMS 0x0000000095a00000, 0x0000000095a00000| Untracked 
| 347|0x0000000095b00000, 0x0000000095b00000, 0x0000000095c00000|  0%| F|  |TAMS 0x0000000095b00000, 0x0000000095b00000| Untracked 
| 348|0x0000000095c00000, 0x0000000095c00000, 0x0000000095d00000|  0%| F|  |TAMS 0x0000000095c00000, 0x0000000095c00000| Untracked 
| 349|0x0000000095d00000, 0x0000000095d00000, 0x0000000095e00000|  0%| F|  |TAMS 0x0000000095d00000, 0x0000000095d00000| Untracked 
| 350|0x0000000095e00000, 0x0000000095e00000, 0x0000000095f00000|  0%| F|  |TAMS 0x0000000095e00000, 0x0000000095e00000| Untracked 
| 351|0x0000000095f00000, 0x0000000095f00000, 0x0000000096000000|  0%| F|  |TAMS 0x0000000095f00000, 0x0000000095f00000| Untracked 
| 352|0x0000000096000000, 0x0000000096000000, 0x0000000096100000|  0%| F|  |TAMS 0x0000000096000000, 0x0000000096000000| Untracked 
| 353|0x0000000096100000, 0x0000000096100000, 0x0000000096200000|  0%| F|  |TAMS 0x0000000096100000, 0x0000000096100000| Untracked 
| 354|0x0000000096200000, 0x0000000096200000, 0x0000000096300000|  0%| F|  |TAMS 0x0000000096200000, 0x0000000096200000| Untracked 
| 355|0x0000000096300000, 0x0000000096300000, 0x0000000096400000|  0%| F|  |TAMS 0x0000000096300000, 0x0000000096300000| Untracked 
| 356|0x0000000096400000, 0x0000000096400000, 0x0000000096500000|  0%| F|  |TAMS 0x0000000096400000, 0x0000000096400000| Untracked 
| 357|0x0000000096500000, 0x0000000096500000, 0x0000000096600000|  0%| F|  |TAMS 0x0000000096500000, 0x0000000096500000| Untracked 
| 358|0x0000000096600000, 0x0000000096600000, 0x0000000096700000|  0%| F|  |TAMS 0x0000000096600000, 0x0000000096600000| Untracked 
| 359|0x0000000096700000, 0x0000000096700000, 0x0000000096800000|  0%| F|  |TAMS 0x0000000096700000, 0x0000000096700000| Untracked 
| 360|0x0000000096800000, 0x0000000096800000, 0x0000000096900000|  0%| F|  |TAMS 0x0000000096800000, 0x0000000096800000| Untracked 
| 361|0x0000000096900000, 0x0000000096900000, 0x0000000096a00000|  0%| F|  |TAMS 0x0000000096900000, 0x0000000096900000| Untracked 
| 362|0x0000000096a00000, 0x0000000096a00000, 0x0000000096b00000|  0%| F|  |TAMS 0x0000000096a00000, 0x0000000096a00000| Untracked 
| 363|0x0000000096b00000, 0x0000000096b00000, 0x0000000096c00000|  0%| F|  |TAMS 0x0000000096b00000, 0x0000000096b00000| Untracked 
| 364|0x0000000096c00000, 0x0000000096c00000, 0x0000000096d00000|  0%| F|  |TAMS 0x0000000096c00000, 0x0000000096c00000| Untracked 
| 365|0x0000000096d00000, 0x0000000096d00000, 0x0000000096e00000|  0%| F|  |TAMS 0x0000000096d00000, 0x0000000096d00000| Untracked 
| 366|0x0000000096e00000, 0x0000000096e00000, 0x0000000096f00000|  0%| F|  |TAMS 0x0000000096e00000, 0x0000000096e00000| Untracked 
| 367|0x0000000096f00000, 0x0000000096f00000, 0x0000000097000000|  0%| F|  |TAMS 0x0000000096f00000, 0x0000000096f00000| Untracked 
| 368|0x0000000097000000, 0x0000000097000000, 0x0000000097100000|  0%| F|  |TAMS 0x0000000097000000, 0x0000000097000000| Untracked 
| 369|0x0000000097100000, 0x0000000097100000, 0x0000000097200000|  0%| F|  |TAMS 0x0000000097100000, 0x0000000097100000| Untracked 
| 370|0x0000000097200000, 0x0000000097200000, 0x0000000097300000|  0%| F|  |TAMS 0x0000000097200000, 0x0000000097200000| Untracked 
| 371|0x0000000097300000, 0x0000000097300000, 0x0000000097400000|  0%| F|  |TAMS 0x0000000097300000, 0x0000000097300000| Untracked 
| 372|0x0000000097400000, 0x0000000097400000, 0x0000000097500000|  0%| F|  |TAMS 0x0000000097400000, 0x0000000097400000| Untracked 
| 373|0x0000000097500000, 0x0000000097500000, 0x0000000097600000|  0%| F|  |TAMS 0x0000000097500000, 0x0000000097500000| Untracked 
| 374|0x0000000097600000, 0x0000000097600000, 0x0000000097700000|  0%| F|  |TAMS 0x0000000097600000, 0x0000000097600000| Untracked 
| 375|0x0000000097700000, 0x0000000097700000, 0x0000000097800000|  0%| F|  |TAMS 0x0000000097700000, 0x0000000097700000| Untracked 
| 376|0x0000000097800000, 0x0000000097800000, 0x0000000097900000|  0%| F|  |TAMS 0x0000000097800000, 0x0000000097800000| Untracked 
| 377|0x0000000097900000, 0x0000000097900000, 0x0000000097a00000|  0%| F|  |TAMS 0x0000000097900000, 0x0000000097900000| Untracked 
| 378|0x0000000097a00000, 0x0000000097a00000, 0x0000000097b00000|  0%| F|  |TAMS 0x0000000097a00000, 0x0000000097a00000| Untracked 
| 379|0x0000000097b00000, 0x0000000097b00000, 0x0000000097c00000|  0%| F|  |TAMS 0x0000000097b00000, 0x0000000097b00000| Untracked 
| 380|0x0000000097c00000, 0x0000000097c00000, 0x0000000097d00000|  0%| F|  |TAMS 0x0000000097c00000, 0x0000000097c00000| Untracked 
| 381|0x0000000097d00000, 0x0000000097d00000, 0x0000000097e00000|  0%| F|  |TAMS 0x0000000097d00000, 0x0000000097d00000| Untracked 
| 382|0x0000000097e00000, 0x0000000097e00000, 0x0000000097f00000|  0%| F|  |TAMS 0x0000000097e00000, 0x0000000097e00000| Untracked 
| 383|0x0000000097f00000, 0x0000000097f00000, 0x0000000098000000|  0%| F|  |TAMS 0x0000000097f00000, 0x0000000097f00000| Untracked 
| 384|0x0000000098000000, 0x0000000098000000, 0x0000000098100000|  0%| F|  |TAMS 0x0000000098000000, 0x0000000098000000| Untracked 
| 385|0x0000000098100000, 0x0000000098100000, 0x0000000098200000|  0%| F|  |TAMS 0x0000000098100000, 0x0000000098100000| Untracked 
| 386|0x0000000098200000, 0x0000000098200000, 0x0000000098300000|  0%| F|  |TAMS 0x0000000098200000, 0x0000000098200000| Untracked 
| 387|0x0000000098300000, 0x0000000098300000, 0x0000000098400000|  0%| F|  |TAMS 0x0000000098300000, 0x0000000098300000| Untracked 
| 388|0x0000000098400000, 0x0000000098400000, 0x0000000098500000|  0%| F|  |TAMS 0x0000000098400000, 0x0000000098400000| Untracked 
| 389|0x0000000098500000, 0x0000000098500000, 0x0000000098600000|  0%| F|  |TAMS 0x0000000098500000, 0x0000000098500000| Untracked 
| 390|0x0000000098600000, 0x0000000098600000, 0x0000000098700000|  0%| F|  |TAMS 0x0000000098600000, 0x0000000098600000| Untracked 
| 391|0x0000000098700000, 0x0000000098700000, 0x0000000098800000|  0%| F|  |TAMS 0x0000000098700000, 0x0000000098700000| Untracked 
| 392|0x0000000098800000, 0x0000000098800000, 0x0000000098900000|  0%| F|  |TAMS 0x0000000098800000, 0x0000000098800000| Untracked 
| 393|0x0000000098900000, 0x0000000098900000, 0x0000000098a00000|  0%| F|  |TAMS 0x0000000098900000, 0x0000000098900000| Untracked 
| 394|0x0000000098a00000, 0x0000000098a00000, 0x0000000098b00000|  0%| F|  |TAMS 0x0000000098a00000, 0x0000000098a00000| Untracked 
| 395|0x0000000098b00000, 0x0000000098b00000, 0x0000000098c00000|  0%| F|  |TAMS 0x0000000098b00000, 0x0000000098b00000| Untracked 
| 396|0x0000000098c00000, 0x0000000098c00000, 0x0000000098d00000|  0%| F|  |TAMS 0x0000000098c00000, 0x0000000098c00000| Untracked 
| 397|0x0000000098d00000, 0x0000000098d00000, 0x0000000098e00000|  0%| F|  |TAMS 0x0000000098d00000, 0x0000000098d00000| Untracked 
| 398|0x0000000098e00000, 0x0000000098e00000, 0x0000000098f00000|  0%| F|  |TAMS 0x0000000098e00000, 0x0000000098e00000| Untracked 
| 399|0x0000000098f00000, 0x0000000098f00000, 0x0000000099000000|  0%| F|  |TAMS 0x0000000098f00000, 0x0000000098f00000| Untracked 
| 400|0x0000000099000000, 0x0000000099000000, 0x0000000099100000|  0%| F|  |TAMS 0x0000000099000000, 0x0000000099000000| Untracked 
| 401|0x0000000099100000, 0x0000000099100000, 0x0000000099200000|  0%| F|  |TAMS 0x0000000099100000, 0x0000000099100000| Untracked 
| 402|0x0000000099200000, 0x0000000099200000, 0x0000000099300000|  0%| F|  |TAMS 0x0000000099200000, 0x0000000099200000| Untracked 
| 403|0x0000000099300000, 0x0000000099300000, 0x0000000099400000|  0%| F|  |TAMS 0x0000000099300000, 0x0000000099300000| Untracked 
| 404|0x0000000099400000, 0x0000000099400000, 0x0000000099500000|  0%| F|  |TAMS 0x0000000099400000, 0x0000000099400000| Untracked 
| 405|0x0000000099500000, 0x0000000099500000, 0x0000000099600000|  0%| F|  |TAMS 0x0000000099500000, 0x0000000099500000| Untracked 
| 406|0x0000000099600000, 0x0000000099600000, 0x0000000099700000|  0%| F|  |TAMS 0x0000000099600000, 0x0000000099600000| Untracked 
| 407|0x0000000099700000, 0x0000000099700000, 0x0000000099800000|  0%| F|  |TAMS 0x0000000099700000, 0x0000000099700000| Untracked 
| 408|0x0000000099800000, 0x0000000099800000, 0x0000000099900000|  0%| F|  |TAMS 0x0000000099800000, 0x0000000099800000| Untracked 
| 409|0x0000000099900000, 0x0000000099900000, 0x0000000099a00000|  0%| F|  |TAMS 0x0000000099900000, 0x0000000099900000| Untracked 
| 410|0x0000000099a00000, 0x0000000099a00000, 0x0000000099b00000|  0%| F|  |TAMS 0x0000000099a00000, 0x0000000099a00000| Untracked 
| 411|0x0000000099b00000, 0x0000000099b00000, 0x0000000099c00000|  0%| F|  |TAMS 0x0000000099b00000, 0x0000000099b00000| Untracked 
| 412|0x0000000099c00000, 0x0000000099c00000, 0x0000000099d00000|  0%| F|  |TAMS 0x0000000099c00000, 0x0000000099c00000| Untracked 
| 413|0x0000000099d00000, 0x0000000099d00000, 0x0000000099e00000|  0%| F|  |TAMS 0x0000000099d00000, 0x0000000099d00000| Untracked 
| 414|0x0000000099e00000, 0x0000000099e00000, 0x0000000099f00000|  0%| F|  |TAMS 0x0000000099e00000, 0x0000000099e00000| Untracked 
| 415|0x0000000099f00000, 0x0000000099f00000, 0x000000009a000000|  0%| F|  |TAMS 0x0000000099f00000, 0x0000000099f00000| Untracked 
| 416|0x000000009a000000, 0x000000009a000000, 0x000000009a100000|  0%| F|  |TAMS 0x000000009a000000, 0x000000009a000000| Untracked 
| 417|0x000000009a100000, 0x000000009a100000, 0x000000009a200000|  0%| F|  |TAMS 0x000000009a100000, 0x000000009a100000| Untracked 
| 418|0x000000009a200000, 0x000000009a200000, 0x000000009a300000|  0%| F|  |TAMS 0x000000009a200000, 0x000000009a200000| Untracked 
| 419|0x000000009a300000, 0x000000009a400000, 0x000000009a400000|100%| S|CS|TAMS 0x000000009a300000, 0x000000009a300000| Complete 
| 420|0x000000009a400000, 0x000000009a400000, 0x000000009a500000|  0%| F|  |TAMS 0x000000009a400000, 0x000000009a400000| Untracked 
| 421|0x000000009a500000, 0x000000009a500000, 0x000000009a600000|  0%| F|  |TAMS 0x000000009a500000, 0x000000009a500000| Untracked 
| 422|0x000000009a600000, 0x000000009a600000, 0x000000009a700000|  0%| F|  |TAMS 0x000000009a600000, 0x000000009a600000| Untracked 
| 423|0x000000009a700000, 0x000000009a700000, 0x000000009a800000|  0%| F|  |TAMS 0x000000009a700000, 0x000000009a700000| Untracked 
| 424|0x000000009a800000, 0x000000009a800000, 0x000000009a900000|  0%| F|  |TAMS 0x000000009a800000, 0x000000009a800000| Untracked 
| 425|0x000000009a900000, 0x000000009a900000, 0x000000009aa00000|  0%| F|  |TAMS 0x000000009a900000, 0x000000009a900000| Untracked 
| 426|0x000000009aa00000, 0x000000009aa00000, 0x000000009ab00000|  0%| F|  |TAMS 0x000000009aa00000, 0x000000009aa00000| Untracked 
| 427|0x000000009ab00000, 0x000000009ab00000, 0x000000009ac00000|  0%| F|  |TAMS 0x000000009ab00000, 0x000000009ab00000| Untracked 
| 428|0x000000009ac00000, 0x000000009ac00000, 0x000000009ad00000|  0%| F|  |TAMS 0x000000009ac00000, 0x000000009ac00000| Untracked 
| 429|0x000000009ad00000, 0x000000009ad00000, 0x000000009ae00000|  0%| F|  |TAMS 0x000000009ad00000, 0x000000009ad00000| Untracked 
| 430|0x000000009ae00000, 0x000000009ae00000, 0x000000009af00000|  0%| F|  |TAMS 0x000000009ae00000, 0x000000009ae00000| Untracked 
| 431|0x000000009af00000, 0x000000009af00000, 0x000000009b000000|  0%| F|  |TAMS 0x000000009af00000, 0x000000009af00000| Untracked 
| 432|0x000000009b000000, 0x000000009b000000, 0x000000009b100000|  0%| F|  |TAMS 0x000000009b000000, 0x000000009b000000| Untracked 
| 433|0x000000009b100000, 0x000000009b100000, 0x000000009b200000|  0%| F|  |TAMS 0x000000009b100000, 0x000000009b100000| Untracked 
| 434|0x000000009b200000, 0x000000009b200000, 0x000000009b300000|  0%| F|  |TAMS 0x000000009b200000, 0x000000009b200000| Untracked 
|2046|0x00000000ffe00000, 0x00000000fff00000, 0x00000000fff00000|100%| O|  |TAMS 0x00000000fff00000, 0x00000000ffe00000| Untracked 
|2047|0x00000000fff00000, 0x0000000100000000, 0x0000000100000000|100%| O|  |TAMS 0x0000000100000000, 0x00000000fff00000| Untracked 

Card table byte_map: [0x000001f6e7310000,0x000001f6e7710000] _byte_map_base: 0x000001f6e6f10000

Marking Bits (Prev, Next): (CMBitMap*) 0x000001f6ce81f7b0, (CMBitMap*) 0x000001f6ce81f770
 Prev Bits: [0x000001f6e9b10000, 0x000001f6ebb10000)
 Next Bits: [0x000001f6e7b10000, 0x000001f6e9b10000)

Polling page: 0x000001f6ce890000

Metaspace:

Usage:
  Non-class:     93.30 MB used.
      Class:     14.14 MB used.
       Both:    107.44 MB used.

Virtual space:
  Non-class space:      128.00 MB reserved,      93.75 MB ( 73%) committed,  2 nodes.
      Class space:        1.00 GB reserved,      14.56 MB (  1%) committed,  1 nodes.
             Both:        1.12 GB reserved,     108.31 MB (  9%) committed. 

Chunk freelists:
   Non-Class:  1.48 MB
       Class:  1.40 MB
        Both:  2.88 MB

MaxMetaspaceSize: unlimited
CompressedClassSpaceSize: 1.00 GB
Initial GC threshold: 21.00 MB
Current GC threshold: 180.25 MB
CDS: on
MetaspaceReclaimPolicy: balanced
 - commit_granule_bytes: 65536.
 - commit_granule_words: 8192.
 - virtual_space_node_default_size: 8388608.
 - enlarge_chunks_in_place: 1.
 - new_chunks_are_fully_committed: 0.
 - uncommit_free_chunks: 1.
 - use_allocation_guard: 0.
 - handle_deallocations: 1.


Internal statistics:

num_allocs_failed_limit: 18.
num_arena_births: 1140.
num_arena_deaths: 4.
num_vsnodes_births: 3.
num_vsnodes_deaths: 0.
num_space_committed: 1733.
num_space_uncommitted: 0.
num_chunks_returned_to_freelist: 22.
num_chunks_taken_from_freelist: 5606.
num_chunk_merges: 18.
num_chunk_splits: 3800.
num_chunks_enlarged: 2568.
num_inconsistent_stats: 0.

CodeHeap 'non-profiled nmethods': size=120000Kb used=9977Kb max_used=10393Kb free=110022Kb
 bounds [0x000001f6df4b0000, 0x000001f6dfee0000, 0x000001f6e69e0000]
CodeHeap 'profiled nmethods': size=120000Kb used=27085Kb max_used=28093Kb free=92914Kb
 bounds [0x000001f6d79e0000, 0x000001f6d9560000, 0x000001f6def10000]
CodeHeap 'non-nmethods': size=5760Kb used=2442Kb max_used=2512Kb free=3317Kb
 bounds [0x000001f6def10000, 0x000001f6df1a0000, 0x000001f6df4b0000]
 total_blobs=14551 nmethods=13577 adapters=886
 compilation: enabled
              stopped_count=0, restarted_count=0
 full_count=0

Compilation events (20 events):
Event: 34.737 Thread 0x000001f6f6031070 nmethod 16481 0x000001f6dfdfe490 code [0x000001f6dfdfe8e0, 0x000001f6dfe02bf8]
Event: 35.730 Thread 0x000001f6f6031070 16508       4       java.util.Arrays::sort (24 bytes)
Event: 35.819 Thread 0x000001f6f6031070 nmethod 16508 0x000001f6dfdac110 code [0x000001f6dfdac3a0, 0x000001f6dfdaf0c8]
Event: 35.829 Thread 0x000001f6ee1153f0 16509       4       sun.nio.ch.Util$BufferCache::offerFirst (73 bytes)
Event: 35.831 Thread 0x000001f6ee1153f0 nmethod 16509 0x000001f6dfde8890 code [0x000001f6dfde8a20, 0x000001f6dfde8c38]
Event: 37.111 Thread 0x000001f6ee15e060 16510       3       java.io.ObjectInputStream$BlockDataInputStream::readShort (73 bytes)
Event: 37.112 Thread 0x000001f6ee15e060 nmethod 16510 0x000001f6d8e38090 code [0x000001f6d8e38260, 0x000001f6d8e38598]
Event: 37.112 Thread 0x000001f6ee15e060 16511       3       java.io.ObjectOutputStream$BlockDataOutputStream::writeLong (48 bytes)
Event: 37.112 Thread 0x000001f6ee15e060 nmethod 16511 0x000001f6d9414e10 code [0x000001f6d9414fc0, 0x000001f6d94151d8]
Event: 37.115 Thread 0x000001f6ee1153f0 16512       4       sun.nio.ch.Util::offerFirstTemporaryDirectBuffer (53 bytes)
Event: 37.121 Thread 0x000001f6ee1153f0 nmethod 16512 0x000001f6dfdfd810 code [0x000001f6dfdfd9e0, 0x000001f6dfdfde68]
Event: 37.121 Thread 0x000001f6ee1153f0 16513       4       sun.nio.ch.Util$BufferCache::get (164 bytes)
Event: 37.127 Thread 0x000001f6ee1153f0 nmethod 16513 0x000001f6dfe73290 code [0x000001f6dfe73420, 0x000001f6dfe73838]
Event: 37.168 Thread 0x000001f6ee1153f0 16514       4       org.gradle.internal.file.FileHierarchySet$Node::isChildOfOrThis (110 bytes)
Event: 37.170 Thread 0x000001f6ee15e060 16515       3       org.gradle.internal.snapshot.AbstractInvalidateChildHandler::handleAsDescendantOfChild (7 bytes)
Event: 37.172 Thread 0x000001f6ee15e060 nmethod 16515 0x000001f6d7bebc90 code [0x000001f6d7bebfc0, 0x000001f6d7bed738]
Event: 37.172 Thread 0x000001f6ee15e060 16516       3       org.gradle.internal.snapshot.AbstractInvalidateChildHandler::handleAsDescendantOfChild (35 bytes)
Event: 37.173 Thread 0x000001f6ee15e060 nmethod 16516 0x000001f6d81ebf10 code [0x000001f6d81ec240, 0x000001f6d81ed838]
Event: 37.173 Thread 0x000001f6ee15e060 16517       3       org.gradle.internal.snapshot.AbstractIncompleteFileSystemNode$1::handleAsDescendantOfChild (10 bytes)
Event: 37.173 Thread 0x000001f6ee15e060 nmethod 16517 0x000001f6d92fda10 code [0x000001f6d92fdbc0, 0x000001f6d92fdf28]

GC Heap History (20 events):
Event: 18.744 GC heap after
{Heap after GC invocations=31 (full 0):
 garbage-first heap   total 347136K, used 112726K [0x0000000080000000, 0x0000000100000000)
  region size 1024K, 5 young (5120K), 5 survivors (5120K)
 Metaspace       used 79188K, committed 79872K, reserved 1179648K
  class space    used 10880K, committed 11200K, reserved 1048576K
}
Event: 20.677 GC heap before
{Heap before GC invocations=31 (full 0):
 garbage-first heap   total 347136K, used 259158K [0x0000000080000000, 0x0000000100000000)
  region size 1024K, 149 young (152576K), 5 survivors (5120K)
 Metaspace       used 85407K, committed 86272K, reserved 1179648K
  class space    used 11675K, committed 12096K, reserved 1048576K
}
Event: 20.694 GC heap after
{Heap after GC invocations=32 (full 0):
 garbage-first heap   total 347136K, used 120394K [0x0000000080000000, 0x0000000100000000)
  region size 1024K, 12 young (12288K), 12 survivors (12288K)
 Metaspace       used 85407K, committed 86272K, reserved 1179648K
  class space    used 11675K, committed 12096K, reserved 1048576K
}
Event: 28.601 GC heap before
{Heap before GC invocations=32 (full 0):
 garbage-first heap   total 347136K, used 269898K [0x0000000080000000, 0x0000000100000000)
  region size 1024K, 157 young (160768K), 12 survivors (12288K)
 Metaspace       used 87069K, committed 87936K, reserved 1179648K
  class space    used 11891K, committed 12288K, reserved 1048576K
}
Event: 28.629 GC heap after
{Heap after GC invocations=33 (full 0):
 garbage-first heap   total 347136K, used 135880K [0x0000000080000000, 0x0000000100000000)
  region size 1024K, 20 young (20480K), 20 survivors (20480K)
 Metaspace       used 87069K, committed 87936K, reserved 1179648K
  class space    used 11891K, committed 12288K, reserved 1048576K
}
Event: 29.548 GC heap before
{Heap before GC invocations=33 (full 0):
 garbage-first heap   total 347136K, used 172744K [0x0000000080000000, 0x0000000100000000)
  region size 1024K, 50 young (51200K), 20 survivors (20480K)
 Metaspace       used 94753K, committed 95616K, reserved 1179648K
  class space    used 12728K, committed 13184K, reserved 1048576K
}
Event: 29.568 GC heap after
{Heap after GC invocations=34 (full 0):
 garbage-first heap   total 347136K, used 144896K [0x0000000080000000, 0x0000000100000000)
  region size 1024K, 6 young (6144K), 6 survivors (6144K)
 Metaspace       used 94753K, committed 95616K, reserved 1179648K
  class space    used 12728K, committed 13184K, reserved 1048576K
}
Event: 31.667 GC heap before
{Heap before GC invocations=35 (full 0):
 garbage-first heap   total 347136K, used 281088K [0x0000000080000000, 0x0000000100000000)
  region size 1024K, 134 young (137216K), 6 survivors (6144K)
 Metaspace       used 105855K, committed 106816K, reserved 1179648K
  class space    used 14019K, committed 14464K, reserved 1048576K
}
Event: 31.715 GC heap after
{Heap after GC invocations=36 (full 0):
 garbage-first heap   total 349184K, used 209408K [0x0000000080000000, 0x0000000100000000)
  region size 1024K, 17 young (17408K), 17 survivors (17408K)
 Metaspace       used 105855K, committed 106816K, reserved 1179648K
  class space    used 14019K, committed 14464K, reserved 1048576K
}
Event: 31.727 GC heap before
{Heap before GC invocations=36 (full 0):
 garbage-first heap   total 349184K, used 210432K [0x0000000080000000, 0x0000000100000000)
  region size 1024K, 18 young (18432K), 17 survivors (17408K)
 Metaspace       used 105856K, committed 106816K, reserved 1179648K
  class space    used 14019K, committed 14464K, reserved 1048576K
}
Event: 31.748 GC heap after
{Heap after GC invocations=37 (full 0):
 garbage-first heap   total 349184K, used 208896K [0x0000000080000000, 0x0000000100000000)
  region size 1024K, 1 young (1024K), 1 survivors (1024K)
 Metaspace       used 105856K, committed 106816K, reserved 1179648K
  class space    used 14019K, committed 14464K, reserved 1048576K
}
Event: 32.636 GC heap before
{Heap before GC invocations=37 (full 0):
 garbage-first heap   total 349184K, used 264192K [0x0000000080000000, 0x0000000100000000)
  region size 1024K, 54 young (55296K), 1 survivors (1024K)
 Metaspace       used 109661K, committed 110592K, reserved 1179648K
  class space    used 14456K, committed 14912K, reserved 1048576K
}
Event: 32.650 GC heap after
{Heap after GC invocations=38 (full 0):
 garbage-first heap   total 349184K, used 224768K [0x0000000080000000, 0x0000000100000000)
  region size 1024K, 7 young (7168K), 7 survivors (7168K)
 Metaspace       used 109661K, committed 110592K, reserved 1179648K
  class space    used 14456K, committed 14912K, reserved 1048576K
}
Event: 33.030 GC heap before
{Heap before GC invocations=38 (full 0):
 garbage-first heap   total 349184K, used 269824K [0x0000000080000000, 0x0000000100000000)
  region size 1024K, 51 young (52224K), 7 survivors (7168K)
 Metaspace       used 109745K, committed 110720K, reserved 1179648K
  class space    used 14456K, committed 14912K, reserved 1048576K
}
Event: 33.063 GC heap after
{Heap after GC invocations=39 (full 0):
 garbage-first heap   total 349184K, used 266240K [0x0000000080000000, 0x0000000100000000)
  region size 1024K, 7 young (7168K), 7 survivors (7168K)
 Metaspace       used 109745K, committed 110720K, reserved 1179648K
  class space    used 14456K, committed 14912K, reserved 1048576K
}
Event: 33.167 GC heap before
{Heap before GC invocations=39 (full 0):
 garbage-first heap   total 447488K, used 280576K [0x0000000080000000, 0x0000000100000000)
  region size 1024K, 24 young (24576K), 7 survivors (7168K)
 Metaspace       used 109745K, committed 110720K, reserved 1179648K
  class space    used 14456K, committed 14912K, reserved 1048576K
}
Event: 33.180 GC heap after
{Heap after GC invocations=40 (full 0):
 garbage-first heap   total 447488K, used 281088K [0x0000000080000000, 0x0000000100000000)
  region size 1024K, 3 young (3072K), 3 survivors (3072K)
 Metaspace       used 109745K, committed 110720K, reserved 1179648K
  class space    used 14456K, committed 14912K, reserved 1048576K
}
Event: 34.116 GC heap before
{Heap before GC invocations=41 (full 0):
 garbage-first heap   total 447488K, used 327168K [0x0000000080000000, 0x0000000100000000)
  region size 1024K, 48 young (49152K), 3 survivors (3072K)
 Metaspace       used 109995K, committed 110912K, reserved 1179648K
  class space    used 14477K, committed 14912K, reserved 1048576K
}
Event: 34.151 GC heap after
{Heap after GC invocations=42 (full 0):
 garbage-first heap   total 447488K, used 305152K [0x0000000080000000, 0x0000000100000000)
  region size 1024K, 6 young (6144K), 6 survivors (6144K)
 Metaspace       used 109995K, committed 110912K, reserved 1179648K
  class space    used 14477K, committed 14912K, reserved 1048576K
}
Event: 37.175 GC heap before
{Heap before GC invocations=42 (full 0):
 garbage-first heap   total 447488K, used 319488K [0x0000000080000000, 0x0000000100000000)
  region size 1024K, 21 young (21504K), 6 survivors (6144K)
 Metaspace       used 110017K, committed 110912K, reserved 1179648K
  class space    used 14478K, committed 14912K, reserved 1048576K
}

Deoptimization events (20 events):
Event: 34.529 Thread 0x000001f6f813a840 Uncommon trap: trap_request=0xffffffde fr.pc=0x000001f6dfc7c7f8 relative=0x0000000000003fb8
Event: 34.529 Thread 0x000001f6f813a840 Uncommon trap: reason=class_check action=maybe_recompile pc=0x000001f6dfc7c7f8 method=kotlin.collections.CollectionsKt___CollectionsKt.sorted(Ljava/lang/Iterable;)Ljava/util/List; @ 7 c2
Event: 34.529 Thread 0x000001f6f813a840 DEOPT PACKING pc=0x000001f6dfc7c7f8 sp=0x00000017948fd860
Event: 34.529 Thread 0x000001f6f813a840 DEOPT UNPACKING pc=0x000001f6def65ba3 sp=0x00000017948fd878 mode 2
Event: 36.733 Thread 0x000001f6f468c9a0 Uncommon trap: trap_request=0xffffffbe fr.pc=0x000001f6dfdae648 relative=0x00000000000022a8
Event: 36.733 Thread 0x000001f6f468c9a0 Uncommon trap: reason=profile_predicate action=maybe_recompile pc=0x000001f6dfdae648 method=java.util.ComparableTimSort.reverseRange([Ljava/lang/Object;II)V @ 5 c2
Event: 36.733 Thread 0x000001f6f468c9a0 DEOPT PACKING pc=0x000001f6dfdae648 sp=0x000000178fafe980
Event: 36.733 Thread 0x000001f6f468c9a0 DEOPT UNPACKING pc=0x000001f6def65ba3 sp=0x000000178fafe7e0 mode 2
Event: 36.734 Thread 0x000001f6f468c9a0 Uncommon trap: trap_request=0xffffffbe fr.pc=0x000001f6dfdae648 relative=0x00000000000022a8
Event: 36.734 Thread 0x000001f6f468c9a0 Uncommon trap: reason=profile_predicate action=maybe_recompile pc=0x000001f6dfdae648 method=java.util.ComparableTimSort.reverseRange([Ljava/lang/Object;II)V @ 5 c2
Event: 36.734 Thread 0x000001f6f468c9a0 DEOPT PACKING pc=0x000001f6dfdae648 sp=0x000000178fafe980
Event: 36.734 Thread 0x000001f6f468c9a0 DEOPT UNPACKING pc=0x000001f6def65ba3 sp=0x000000178fafe7e0 mode 2
Event: 36.734 Thread 0x000001f6f468c9a0 Uncommon trap: trap_request=0xffffffbe fr.pc=0x000001f6dfdae648 relative=0x00000000000022a8
Event: 36.734 Thread 0x000001f6f468c9a0 Uncommon trap: reason=profile_predicate action=maybe_recompile pc=0x000001f6dfdae648 method=java.util.ComparableTimSort.reverseRange([Ljava/lang/Object;II)V @ 5 c2
Event: 36.734 Thread 0x000001f6f468c9a0 DEOPT PACKING pc=0x000001f6dfdae648 sp=0x000000178fafe980
Event: 36.734 Thread 0x000001f6f468c9a0 DEOPT UNPACKING pc=0x000001f6def65ba3 sp=0x000000178fafe7e0 mode 2
Event: 36.734 Thread 0x000001f6f468c9a0 Uncommon trap: trap_request=0xffffffbe fr.pc=0x000001f6dfdae648 relative=0x00000000000022a8
Event: 36.734 Thread 0x000001f6f468c9a0 Uncommon trap: reason=profile_predicate action=maybe_recompile pc=0x000001f6dfdae648 method=java.util.ComparableTimSort.reverseRange([Ljava/lang/Object;II)V @ 5 c2
Event: 36.734 Thread 0x000001f6f468c9a0 DEOPT PACKING pc=0x000001f6dfdae648 sp=0x000000178fafe980
Event: 36.734 Thread 0x000001f6f468c9a0 DEOPT UNPACKING pc=0x000001f6def65ba3 sp=0x000000178fafe7e0 mode 2

Classes unloaded (2 events):
Event: 29.772 Thread 0x000001f6ee0f7ac0 Unloading class 0x000001f681a90800 'java/lang/invoke/LambdaForm$DMH+0x000001f681a90800'
Event: 29.772 Thread 0x000001f6ee0f7ac0 Unloading class 0x000001f681a90400 'java/lang/invoke/LambdaForm$DMH+0x000001f681a90400'

Classes redefined (0 events):
No events

Internal exceptions (20 events):
Event: 32.211 Thread 0x000001f6f3c0de80 Exception <a 'sun/nio/fs/WindowsException'{0x0000000093720180}> (0x0000000093720180) 
thrown [s\open\src\hotspot\share\prims\jni.cpp, line 516]
Event: 32.211 Thread 0x000001f6f3c0de80 Exception <a 'sun/nio/fs/WindowsException'{0x0000000093720c28}> (0x0000000093720c28) 
thrown [s\open\src\hotspot\share\prims\jni.cpp, line 516]
Event: 32.216 Thread 0x000001f6f3c0de80 Exception <a 'sun/nio/fs/WindowsException'{0x000000009374dbc8}> (0x000000009374dbc8) 
thrown [s\open\src\hotspot\share\prims\jni.cpp, line 516]
Event: 32.216 Thread 0x000001f6f3c0de80 Exception <a 'sun/nio/fs/WindowsException'{0x000000009374e640}> (0x000000009374e640) 
thrown [s\open\src\hotspot\share\prims\jni.cpp, line 516]
Event: 32.244 Thread 0x000001f6f3c0de80 Exception <a 'sun/nio/fs/WindowsException'{0x000000009356bd20}> (0x000000009356bd20) 
thrown [s\open\src\hotspot\share\prims\jni.cpp, line 516]
Event: 32.245 Thread 0x000001f6f3c0de80 Exception <a 'sun/nio/fs/WindowsException'{0x000000009356c7c0}> (0x000000009356c7c0) 
thrown [s\open\src\hotspot\share\prims\jni.cpp, line 516]
Event: 32.251 Thread 0x000001f6f3c0de80 Exception <a 'sun/nio/fs/WindowsException'{0x0000000093593438}> (0x0000000093593438) 
thrown [s\open\src\hotspot\share\prims\jni.cpp, line 516]
Event: 32.251 Thread 0x000001f6f3c0de80 Exception <a 'sun/nio/fs/WindowsException'{0x0000000093593ed8}> (0x0000000093593ed8) 
thrown [s\open\src\hotspot\share\prims\jni.cpp, line 516]
Event: 32.449 Thread 0x000001f6f3c0de80 Exception <a 'java/lang/NoSuchMethodError'{0x0000000092c64c70}: 'void java.lang.invoke.DirectMethodHandle$Holder.invokeStatic(java.lang.Object, java.lang.Object, java.lang.Object, int)'> (0x0000000092c64c70) 
thrown [s\open\src\hotspot\share\interpreter\linkResolver.cpp, line 759]
Event: 32.450 Thread 0x000001f6f3c0de80 Exception <a 'java/lang/IncompatibleClassChangeError'{0x0000000092c7e5d8}: Found class java.lang.Object, but interface was expected> (0x0000000092c7e5d8) 
thrown [s\open\src\hotspot\share\interpreter\linkResolver.cpp, line 826]
Event: 32.511 Thread 0x000001f6f3c0de80 Exception <a 'sun/nio/fs/WindowsException'{0x000000009291a3e8}> (0x000000009291a3e8) 
thrown [s\open\src\hotspot\share\prims\jni.cpp, line 516]
Event: 32.511 Thread 0x000001f6f3c0de80 Exception <a 'sun/nio/fs/WindowsException'{0x000000009291a7a0}> (0x000000009291a7a0) 
thrown [s\open\src\hotspot\share\prims\jni.cpp, line 516]
Event: 32.511 Thread 0x000001f6f3c0de80 Exception <a 'sun/nio/fs/WindowsException'{0x000000009291bf50}> (0x000000009291bf50) 
thrown [s\open\src\hotspot\share\prims\jni.cpp, line 516]
Event: 32.511 Thread 0x000001f6f3c0de80 Exception <a 'sun/nio/fs/WindowsException'{0x000000009291c340}> (0x000000009291c340) 
thrown [s\open\src\hotspot\share\prims\jni.cpp, line 516]
Event: 32.512 Thread 0x000001f6f3c0de80 Exception <a 'sun/nio/fs/WindowsException'{0x000000009291dac0}> (0x000000009291dac0) 
thrown [s\open\src\hotspot\share\prims\jni.cpp, line 516]
Event: 32.512 Thread 0x000001f6f3c0de80 Exception <a 'sun/nio/fs/WindowsException'{0x000000009291de70}> (0x000000009291de70) 
thrown [s\open\src\hotspot\share\prims\jni.cpp, line 516]
Event: 32.579 Thread 0x000001f6f3c0de80 Implicit null exception at 0x000001f6dfe069f8 to 0x000001f6dfe09d50
Event: 32.717 Thread 0x000001f6f3c0de80 Implicit null exception at 0x000001f6dfe14152 to 0x000001f6dfe14588
Event: 33.485 Thread 0x000001f6f3c0de80 Implicit null exception at 0x000001f6dfc73bb4 to 0x000001f6dfc74704
Event: 34.539 Thread 0x000001f6f813b770 Exception <a 'java/lang/InterruptedException'{0x000000009a6ca518}> (0x000000009a6ca518) 
thrown [s\open\src\hotspot\share\runtime\objectMonitor.cpp, line 1671]

VM Operations (20 events):
Event: 32.795 Executing VM operation: HandshakeAllThreads done
Event: 32.854 Executing VM operation: ICBufferFull
Event: 32.854 Executing VM operation: ICBufferFull done
Event: 33.030 Executing VM operation: G1CollectForAllocation
Event: 33.063 Executing VM operation: G1CollectForAllocation done
Event: 33.089 Executing VM operation: G1Concurrent
Event: 33.099 Executing VM operation: G1Concurrent done
Event: 33.115 Executing VM operation: HandshakeAllThreads
Event: 33.115 Executing VM operation: HandshakeAllThreads done
Event: 33.166 Executing VM operation: G1CollectForAllocation
Event: 33.180 Executing VM operation: G1CollectForAllocation done
Event: 33.326 Executing VM operation: G1Concurrent
Event: 33.327 Executing VM operation: G1Concurrent done
Event: 34.115 Executing VM operation: G1CollectForAllocation
Event: 34.151 Executing VM operation: G1CollectForAllocation done
Event: 36.152 Executing VM operation: Cleanup
Event: 36.152 Executing VM operation: Cleanup done
Event: 37.152 Executing VM operation: Cleanup
Event: 37.152 Executing VM operation: Cleanup done
Event: 37.175 Executing VM operation: G1CollectForAllocation

Events (20 events):
Event: 33.135 Thread 0x000001f6ee15e580 flushing nmethod 0x000001f6d949a190
Event: 33.136 Thread 0x000001f6ee15e580 flushing nmethod 0x000001f6d94b6190
Event: 33.136 Thread 0x000001f6ee15e580 flushing nmethod 0x000001f6d94d0a10
Event: 33.136 Thread 0x000001f6ee15e580 flushing nmethod 0x000001f6d94d0f10
Event: 33.136 Thread 0x000001f6ee15e580 flushing nmethod 0x000001f6d9546610
Event: 33.136 Thread 0x000001f6ee15e580 flushing nmethod 0x000001f6d9549e10
Event: 33.253 loading class java/text/MessageFormat
Event: 33.254 loading class java/text/MessageFormat done
Event: 33.256 loading class java/text/MessageFormat$Field
Event: 33.256 loading class java/text/MessageFormat$Field done
Event: 33.342 loading class java/util/EnumMap$Values
Event: 33.342 loading class java/util/EnumMap$Values done
Event: 33.342 loading class java/util/EnumMap$ValueIterator
Event: 33.342 loading class java/util/EnumMap$ValueIterator done
Event: 34.525 Thread 0x000001f6f813d0c0 Thread added: 0x000001f6f813d0c0
Event: 34.533 Thread 0x000001f6f813b770 Thread added: 0x000001f6f813b770
Event: 34.558 Thread 0x000001f6f813d5d0 Thread added: 0x000001f6f813d5d0
Event: 35.834 loading class java/rmi/server/Unreferenced
Event: 35.834 loading class java/rmi/server/Unreferenced done
Event: 37.111 Thread 0x000001f6f6031070 Thread exited: 0x000001f6f6031070


Dynamic libraries:
0x00007ff7fc460000 - 0x00007ff7fc470000 	C:\Program Files\Java\jdk-17\bin\java.exe
0x00007fffe4da0000 - 0x00007fffe5008000 	C:\WINDOWS\SYSTEM32\ntdll.dll
0x00007fffe35f0000 - 0x00007fffe36b9000 	C:\WINDOWS\System32\KERNEL32.DLL
0x00007fffe23d0000 - 0x00007fffe27c8000 	C:\WINDOWS\System32\KERNELBASE.dll
0x00007fffe1fd0000 - 0x00007fffe211b000 	C:\WINDOWS\System32\ucrtbase.dll
0x00007fffc1970000 - 0x00007fffc1989000 	C:\Program Files\Java\jdk-17\bin\jli.dll
0x00007fffe45d0000 - 0x00007fffe4684000 	C:\WINDOWS\System32\ADVAPI32.dll
0x00007fffe3260000 - 0x00007fffe3309000 	C:\WINDOWS\System32\msvcrt.dll
0x00007fffe31a0000 - 0x00007fffe3246000 	C:\WINDOWS\System32\sechost.dll
0x00007fffe3a20000 - 0x00007fffe3b38000 	C:\WINDOWS\System32\RPCRT4.dll
0x00007fffe4690000 - 0x00007fffe4857000 	C:\WINDOWS\System32\USER32.dll
0x00007fffe1fa0000 - 0x00007fffe1fc7000 	C:\WINDOWS\System32\win32u.dll
0x00007fffe2ce0000 - 0x00007fffe2d0b000 	C:\WINDOWS\System32\GDI32.dll
0x00007fffe2950000 - 0x00007fffe2a7c000 	C:\WINDOWS\System32\gdi32full.dll
0x00007fffe1ef0000 - 0x00007fffe1f93000 	C:\WINDOWS\System32\msvcp_win.dll
0x00007fffdca40000 - 0x00007fffdca5b000 	C:\Program Files\Java\jdk-17\bin\VCRUNTIME140.dll
0x00007fffce430000 - 0x00007fffce6c4000 	C:\WINDOWS\WinSxS\amd64_microsoft.windows.common-controls_6595b64144ccf1df_6.0.26100.7019_none_3e06ffa0e335b8a8\COMCTL32.dll
0x00007fffda440000 - 0x00007fffda44b000 	C:\WINDOWS\SYSTEM32\VERSION.dll
0x00007fffe4570000 - 0x00007fffe45a1000 	C:\WINDOWS\System32\IMM32.DLL
0x00007fffdca00000 - 0x00007fffdca0c000 	C:\Program Files\Java\jdk-17\bin\vcruntime140_1.dll
0x00007fffa9f80000 - 0x00007fffaa00e000 	C:\Program Files\Java\jdk-17\bin\msvcp140.dll
0x00007fff68250000 - 0x00007fff68e30000 	C:\Program Files\Java\jdk-17\bin\server\jvm.dll
0x00007fffe45b0000 - 0x00007fffe45b8000 	C:\WINDOWS\System32\PSAPI.DLL
0x00007fffd0910000 - 0x00007fffd091a000 	C:\WINDOWS\SYSTEM32\WSOCK32.dll
0x00007fffcb8f0000 - 0x00007fffcb925000 	C:\WINDOWS\SYSTEM32\WINMM.dll
0x00007fffe3b40000 - 0x00007fffe3bb4000 	C:\WINDOWS\System32\WS2_32.dll
0x00007fffe0c70000 - 0x00007fffe0c8b000 	C:\WINDOWS\SYSTEM32\kernel.appcore.dll
0x00007fffd8c20000 - 0x00007fffd8c2a000 	C:\Program Files\Java\jdk-17\bin\jimage.dll
0x00007fffdf360000 - 0x00007fffdf5a2000 	C:\WINDOWS\SYSTEM32\DBGHELP.DLL
0x00007fffe49d0000 - 0x00007fffe4d5b000 	C:\WINDOWS\System32\combase.dll
0x00007fffe36c0000 - 0x00007fffe3797000 	C:\WINDOWS\System32\OLEAUT32.dll
0x00007fffbd390000 - 0x00007fffbd3cc000 	C:\WINDOWS\SYSTEM32\dbgcore.DLL
0x00007fffe2120000 - 0x00007fffe21c5000 	C:\WINDOWS\System32\bcryptPrimitives.dll
0x00007fffdc860000 - 0x00007fffdc885000 	C:\Program Files\Java\jdk-17\bin\java.dll
0x00007fffbc2d0000 - 0x00007fffbc3a7000 	C:\Program Files\Java\jdk-17\bin\jsvml.dll
0x00007fffe3bf0000 - 0x00007fffe433f000 	C:\WINDOWS\System32\SHELL32.dll
0x00007fffe21d0000 - 0x00007fffe233b000 	C:\WINDOWS\System32\wintypes.dll
0x00007fffdfad0000 - 0x00007fffe032d000 	C:\WINDOWS\SYSTEM32\windows.storage.dll
0x00007fffe2b40000 - 0x00007fffe2c32000 	C:\WINDOWS\System32\SHCORE.dll
0x00007fffe3530000 - 0x00007fffe3597000 	C:\WINDOWS\System32\shlwapi.dll
0x00007fffe1e10000 - 0x00007fffe1e39000 	C:\WINDOWS\SYSTEM32\profapi.dll
0x00007fffd8190000 - 0x00007fffd81a9000 	C:\Program Files\Java\jdk-17\bin\net.dll
0x00007fffd9c20000 - 0x00007fffd9d48000 	C:\WINDOWS\SYSTEM32\WINHTTP.dll
0x00007fffe11c0000 - 0x00007fffe122b000 	C:\WINDOWS\system32\mswsock.dll
0x00007fffd7e30000 - 0x00007fffd7e46000 	C:\Program Files\Java\jdk-17\bin\nio.dll
0x00007fffd1c20000 - 0x00007fffd1c38000 	C:\Program Files\Java\jdk-17\bin\zip.dll
0x00007fffd7dc0000 - 0x00007fffd7dd0000 	C:\Program Files\Java\jdk-17\bin\verify.dll
0x00007fffc86d0000 - 0x00007fffc86f7000 	C:\Users\User PC\.gradle\native\e1d6ef7f7dcc3fd88c89a11ec53ec762bb8ba0a96d01ffa2cd45eb1d1d8dd5c5\windows-amd64\native-platform.dll
0x00007fff879d0000 - 0x00007fff87b14000 	C:\Users\User PC\.gradle\native\0d407fdbe67a94daf76414ababcb853783967236a71b16ec16e742cd7a986fd3\windows-amd64\native-platform-file-events.dll
0x00007fffd0900000 - 0x00007fffd090a000 	C:\Program Files\Java\jdk-17\bin\management.dll
0x00007fffd08f0000 - 0x00007fffd08fb000 	C:\Program Files\Java\jdk-17\bin\management_ext.dll
0x00007fffe15b0000 - 0x00007fffe15cb000 	C:\WINDOWS\SYSTEM32\CRYPTSP.dll
0x00007fffe0bd0000 - 0x00007fffe0c0a000 	C:\WINDOWS\system32\rsaenh.dll
0x00007fffe1270000 - 0x00007fffe129b000 	C:\WINDOWS\SYSTEM32\USERENV.dll
0x00007fffe1de0000 - 0x00007fffe1e0a000 	C:\WINDOWS\SYSTEM32\bcrypt.dll
0x00007fffe1410000 - 0x00007fffe141c000 	C:\WINDOWS\SYSTEM32\CRYPTBASE.dll
0x00007fffe0600000 - 0x00007fffe0634000 	C:\WINDOWS\SYSTEM32\IPHLPAPI.DLL
0x00007fffe37a0000 - 0x00007fffe37aa000 	C:\WINDOWS\System32\NSI.dll
0x00007fffda200000 - 0x00007fffda21e000 	C:\WINDOWS\SYSTEM32\dhcpcsvc6.DLL
0x00007fffd9fc0000 - 0x00007fffd9fe3000 	C:\WINDOWS\SYSTEM32\dhcpcsvc.DLL
0x00007fffe0640000 - 0x00007fffe076c000 	C:\WINDOWS\SYSTEM32\DNSAPI.dll
0x00007fffcd800000 - 0x00007fffcd80e000 	C:\Program Files\Java\jdk-17\bin\sunmscapi.dll
0x00007fffe27d0000 - 0x00007fffe2947000 	C:\WINDOWS\System32\CRYPT32.dll
0x00007fffe1700000 - 0x00007fffe1730000 	C:\WINDOWS\SYSTEM32\ncrypt.dll
0x00007fffe16b0000 - 0x00007fffe16ef000 	C:\WINDOWS\SYSTEM32\NTASN1.dll
0x00007fffca530000 - 0x00007fffca538000 	C:\WINDOWS\system32\wshunix.dll
0x00007fffc1950000 - 0x00007fffc196e000 	C:\Users\User PC\AppData\Local\Temp\native-platform4408552835533375084dir\native-platform.dll
0x00007fffcd580000 - 0x00007fffcd587000 	C:\Program Files\Java\jdk-17\bin\rmi.dll

dbghelp: loaded successfully - version: 4.0.5 - missing functions: none
symbol engine: initialized successfully - sym options: 0x614 - pdb path: .;C:\Program Files\Java\jdk-17\bin;C:\WINDOWS\SYSTEM32;C:\WINDOWS\WinSxS\amd64_microsoft.windows.common-controls_6595b64144ccf1df_6.0.26100.7019_none_3e06ffa0e335b8a8;C:\Program Files\Java\jdk-17\bin\server;C:\Users\User PC\.gradle\native\e1d6ef7f7dcc3fd88c89a11ec53ec762bb8ba0a96d01ffa2cd45eb1d1d8dd5c5\windows-amd64;C:\Users\User PC\.gradle\native\0d407fdbe67a94daf76414ababcb853783967236a71b16ec16e742cd7a986fd3\windows-amd64;C:\Users\User PC\AppData\Local\Temp\native-platform4408552835533375084dir

VM Arguments:
jvm_args: --add-opens=java.base/java.util=ALL-UNNAMED --add-opens=java.base/java.lang=ALL-UNNAMED --add-opens=java.base/java.lang.invoke=ALL-UNNAMED --add-opens=java.base/java.util=ALL-UNNAMED --add-opens=java.prefs/java.util.prefs=ALL-UNNAMED --add-opens=java.prefs/java.util.prefs=ALL-UNNAMED --add-opens=java.base/java.nio.charset=ALL-UNNAMED --add-opens=java.base/java.net=ALL-UNNAMED --add-opens=java.base/java.util.concurrent.atomic=ALL-UNNAMED -Xmx2048M -Dfile.encoding=windows-1252 -Duser.country=IN -Duser.language=en -Duser.variant 
java_command: org.gradle.launcher.daemon.bootstrap.GradleDaemon 7.5
java_class_path (initial): C:\Users\User PC\.gradle\wrapper\dists\gradle-7.5-bin\f1w0cc9nuo0eivz97x2xlu9sv\gradle-7.5\lib\gradle-launcher-7.5.jar
Launcher Type: SUN_STANDARD

[Global flags]
     intx CICompilerCount                          = 3                                         {product} {ergonomic}
     uint ConcGCThreads                            = 1                                         {product} {ergonomic}
     uint G1ConcRefinementThreads                  = 4                                         {product} {ergonomic}
   size_t G1HeapRegionSize                         = 1048576                                   {product} {ergonomic}
    uintx GCDrainStackTargetSize                   = 64                                        {product} {ergonomic}
   size_t InitialHeapSize                          = 199229440                                 {product} {ergonomic}
   size_t MarkStackSize                            = 4194304                                   {product} {ergonomic}
   size_t MaxHeapSize                              = 2147483648                                {product} {command line}
   size_t MaxNewSize                               = 1287651328                                {product} {ergonomic}
   size_t MinHeapDeltaBytes                        = 1048576                                   {product} {ergonomic}
   size_t MinHeapSize                              = 8388608                                   {product} {ergonomic}
    uintx NonNMethodCodeHeapSize                   = 5832780                                {pd product} {ergonomic}
    uintx NonProfiledCodeHeapSize                  = 122912730                              {pd product} {ergonomic}
    uintx ProfiledCodeHeapSize                     = 122912730                              {pd product} {ergonomic}
    uintx ReservedCodeCacheSize                    = 251658240                              {pd product} {ergonomic}
     bool SegmentedCodeCache                       = true                                      {product} {ergonomic}
   size_t SoftMaxHeapSize                          = 2147483648                             {manageable} {ergonomic}
     bool UseCompressedClassPointers               = true                           {product lp64_product} {ergonomic}
     bool UseCompressedOops                        = true                           {product lp64_product} {ergonomic}
     bool UseG1GC                                  = true                                      {product} {ergonomic}
     bool UseLargePagesIndividualAllocation        = false                                  {pd product} {ergonomic}

Logging:
Log output configuration:
 #0: stdout all=warning uptime,level,tags
 #1: stderr all=off uptime,level,tags

Environment Variables:
CLASSPATH=D:\EdgeComputing\SNR\Androidcode\smart\Telegram android app\\gradle\wrapper\gradle-wrapper.jar
PATH=C:\Program Files\Common Files\Oracle\Java\javapath;C:\Program Files\Python313\Scripts\;C:\Program Files\Python313\;C:\WINDOWS\system32;C:\WINDOWS;C:\WINDOWS\System32\Wbem;C:\WINDOWS\System32\WindowsPowerShell\v1.0\;C:\WINDOWS\System32\OpenSSH\;C:\Users\User PC\Downloads\flutter_windows_3.35.1-stable\flutter\bin;C:\Program Files\Go\bin;C:\Library\Developer\Toolchains\unknown-Asserts-development.xctoolchain\usr\bin;C:\Users\User PC\Downloads\icuexportdata_icu4x-2025-05-21-77.x;C:\Users\User PC\Downloads\kotlin-compiler-2.0.10-RC\kotlinc\bin;C:\Program Files\MySQL\MySQL Server 8.0\bin;C:\Program Files\Java\jdk-17\bin;C:\Users\User PC\AppData\Local\Android\Sdk;C:\Users\User PC\AppData\Local\Android\Sdk\cmdline-tools\latest\bin;C:\Program Files\dotnet\;C:\Program Files\usbipd-win\;C:\Program Files\Git\cmd;C:\Users\User PC\AppData\Local\Microsoft\WindowsApps;C:\Users\User PC\AppData\Local\Programs\Microsoft VS Code\bin;C:\Users\User PC\AppData\Local\Programs\cursor\resources\app\bin;C:\Users\User PC\.dotnet\tools;C:\Users\User PC\Infineon\LauncherService;C:\Users\User PC\AppData\Local\GitHubDesktop\bin;C:\Users\User PC\Downloads\platform-tools-latest-windows\platform-tools\adb.exe;C:\Users\User PC\Downloads\platform-tools-latest-windows\platform-tools;C:\adb\;C:\Program Files (x86)\WhaleTeq MECG 2.0;C:\Program Files (x86)\Flash Programmer 2.lnk;C:\Users\User PC\Downloads\flutter_windows_3.38.3-stable\flutter\bin;C:\Users\User PC\flutter\bin
USERNAME=User PC
OS=Windows_NT
PROCESSOR_IDENTIFIER=Intel64 Family 6 Model 140 Stepping 1, GenuineIntel



---------------  S Y S T E M  ---------------

OS:
 Windows 11 , 64 bit Build 26100 (10.0.26100.7019)
OS uptime: 14 days 1:26 hours
Hyper-V role detected

CPU: total 4 (initial active 4) (2 cores per cpu, 2 threads per core) family 6 model 140 stepping 1 microcode 0x9a, cx8, cmov, fxsr, ht, mmx, 3dnowpref, sse, sse2, sse3, ssse3, sse4.1, sse4.2, popcnt, lzcnt, tsc, tscinvbit, avx, avx2, aes, erms, clmul, bmi1, bmi2, adx, avx512f, avx512dq, avx512cd, avx512bw, avx512vl, sha, fma, vzeroupper, avx512_vpopcntdq, avx512_vpclmulqdq, avx512_vaes, avx512_vnni, clflush, clflushopt, clwb, avx512_vbmi2, avx512_vbmi, hv

Memory: 4k page, system-wide physical 12091M (1216M free)
TotalPageFile size 32072M (AvailPageFile size 222M)
current process WorkingSet (physical memory assigned to process): 692M, peak: 727M
current process commit charge ("private bytes"): 768M, peak: 1297M

vm_info: Java HotSpot(TM) 64-Bit Server VM (17.0.12+8-LTS-286) for windows-amd64 JRE (17.0.12+8-LTS-286), built on Jun  5 2024 06:46:59 by "mach5one" with MS VC++ 17.6 (VS2022)

END.
